ISO-10303-21;
HEADER;
FILE_DESCRIPTION (( 'STEP AP214' ),
    '1' );
FILE_NAME ('SF-1206HH-R.STP',
    '2023-03-27T21:37:12',
    ( '' ),
    ( '' ),
    'SwSTEP 2.0',
    'SolidWorks 2021',
    '' );
FILE_SCHEMA (( 'AUTOMOTIVE_DESIGN' ));
ENDSEC;

DATA;
#1 = EDGE_LOOP ( 'NONE', ( #1353, #135, #2403, #1713 ) ) ;
#2 = EDGE_LOOP ( 'NONE', ( #1231, #323, #1211, #580 ) ) ;
#3 = DIRECTION ( 'NONE',  ( 0.0000000000000000000, 1.000000000000000000, 0.0000000000000000000 ) ) ;
#4 = CARTESIAN_POINT ( 'NONE',  ( 0.3564680952072517561, 0.8965806903387381066, 1.293244929054274239 ) ) ;
#5 = EDGE_CURVE ( 'NONE', #592, #1346, #638, .T. ) ;
#6 = CARTESIAN_POINT ( 'NONE',  ( 0.4035834151045267215, 0.8965806903387378846, 1.278600229212216277 ) ) ;
#7 = SURFACE_STYLE_FILL_AREA ( #978 ) ;
#8 =( NAMED_UNIT ( * ) SI_UNIT ( $, .STERADIAN. ) SOLID_ANGLE_UNIT ( ) );
#9 = EDGE_CURVE ( 'NONE', #864, #1241, #1424, .T. ) ;
#10 = DIRECTION ( 'NONE',  ( -0.0000000000000000000, 1.000000000000000000, -0.0000000000000000000 ) ) ;
#11 = EDGE_LOOP ( 'NONE', ( #2144, #1391, #1737, #478 ) ) ;
#12 = FACE_OUTER_BOUND ( 'NONE', #2174, .T. ) ;
#13 = UNCERTAINTY_MEASURE_WITH_UNIT (LENGTH_MEASURE( 1.000000000000000082E-05 ), #1894, 'distance_accuracy_value', 'NONE');
#14 = CARTESIAN_POINT ( 'NONE',  ( 0.5401222159550663759, 0.8965806903387375515, 0.9400340005091891715 ) ) ;
#15 = LINE ( 'NONE', #174, #1116 ) ;
#16 = LINE ( 'NONE', #1148, #921 ) ;
#17 = CARTESIAN_POINT ( 'NONE',  ( -0.4571051466549639897, 0.8965806903387377735, 0.3326604764500871170 ) ) ;
#18 = CARTESIAN_POINT ( 'NONE',  ( 0.1868155647243797679, 0.8965806903387378846, 1.323290896787889137 ) ) ;
#19 = ORIENTED_EDGE ( 'NONE', *, *, #547, .F. ) ;
#20 =( NAMED_UNIT ( * ) PLANE_ANGLE_UNIT ( ) SI_UNIT ( $, .RADIAN. ) );
#21 = LINE ( 'NONE', #1334, #343 ) ;
#22 = VECTOR ( 'NONE', #2113, 1000.000000000000000 ) ;
#23 = CARTESIAN_POINT ( 'NONE',  ( 0.8886586161074985224, 0.9465806903387378179, 1.649999999999999911 ) ) ;
#24 = CARTESIAN_POINT ( 'NONE',  ( 0.3789832867210912726, 0.8465806903387378402, 0.3781636089219592711 ) ) ;
#25 = EDGE_CURVE ( 'NONE', #1451, #282, #1089, .T. ) ;
#26 = B_SPLINE_CURVE_WITH_KNOTS ( 'NONE', 3,
 ( #1076, #1844, #1046, #2043, #1239, #853, #1627, #1057, #679, #497, #1251, #2210, #94, #1197, #1980, #1024, #290, #1368, #1750 ),
 .UNSPECIFIED., .F., .F.,
 ( 4, 1, 1, 1, 1, 1, 1, 1, 1, 1, 1, 1, 1, 1, 1, 1, 4 ),
 ( 0.0000000000000000000, 0.09971794613560659715, 0.1930914249173348585, 0.2799012536754770797, 0.3609758322730219904, 0.4361249765869456008, 0.5055570220873980558, 0.5695361784475413414, 0.6285334123710363263, 0.6828791343731670516, 0.7331319934376901992, 0.7799645188164859855, 0.8245806417507405284, 0.8677299129839569636, 0.9105344599988192122, 0.9541430295380057824, 1.000000000000000000 ),
 .UNSPECIFIED. ) ;
#27 = VECTOR ( 'NONE', #213, 1000.000000000000000 ) ;
#28 = VERTEX_POINT ( 'NONE', #409 ) ;
#29 = EDGE_LOOP ( 'NONE', ( #104, #670, #1434, #466, #1184, #242, #613, #2028 ) ) ;
#30 = FACE_OUTER_BOUND ( 'NONE', #11, .T. ) ;
#31 = VECTOR ( 'NONE', #1857, 1000.000000000000000 ) ;
#32 = FILL_AREA_STYLE_COLOUR ( '', #2435 ) ;
#33 = CARTESIAN_POINT ( 'NONE',  ( 0.2408164119922422131, 0.8465806903387377291, 0.4008750199815371840 ) ) ;
#34 = VECTOR ( 'NONE', #355, 1000.000000000000000 ) ;
#35 = PLANE ( 'NONE',  #535 ) ;
#36 = CARTESIAN_POINT ( 'NONE',  ( -0.4571051466549639897, 0.8965806903387377735, 1.268557912347523020 ) ) ;
#37 = CARTESIAN_POINT ( 'NONE',  ( 0.3700723465337026341, 0.8965806903387378846, 1.357072654835242531 ) ) ;
#38 = ADVANCED_FACE ( 'NONE', ( #1138 ), #1160, .T. ) ;
#39 = ORIENTED_EDGE ( 'NONE', *, *, #314, .T. ) ;
#40 = EDGE_CURVE ( 'NONE', #2218, #2281, #1331, .T. ) ;
#41 = ADVANCED_FACE ( 'NONE', ( #219 ), #35, .F. ) ;
#42 = ORIENTED_EDGE ( 'NONE', *, *, #1717, .T. ) ;
#43 = FILL_AREA_STYLE_COLOUR ( '', #1519 ) ;
#44 = UNCERTAINTY_MEASURE_WITH_UNIT (LENGTH_MEASURE( 1.000000000000000082E-05 ), #2445, 'distance_accuracy_value', 'NONE');
#45 = CARTESIAN_POINT ( 'NONE',  ( 0.4580553810373481638, 0.8465806903387375071, 0.4390837382295436075 ) ) ;
#46 = LINE ( 'NONE', #1539, #107 ) ;
#47 = EDGE_LOOP ( 'NONE', ( #127, #1075, #1140, #1460 ) ) ;
#48 = CARTESIAN_POINT ( 'NONE',  ( -0.01576378393591984853, 0.8965806903387375515, 0.7219806978065965719 ) ) ;
#49 = CARTESIAN_POINT ( 'NONE',  ( 0.6111555894353365437, 0.8965806903387379956, 1.178734159739329046 ) ) ;
#50 = DIRECTION ( 'NONE',  ( 1.084202172485504040E-15, -1.000000000000000000, 0.0000000000000000000 ) ) ;
#51 = FILL_AREA_STYLE ('',( #967 ) ) ;
#52 = ORIENTED_EDGE ( 'NONE', *, *, #524, .T. ) ;
#53 = EDGE_LOOP ( 'NONE', ( #2304, #489, #2225, #852 ) ) ;
#54 = CARTESIAN_POINT ( 'NONE',  ( 0.5079887791844147626, 0.8465806903387376181, 0.3626862628923750997 ) ) ;
#55 = DIRECTION ( 'NONE',  ( 0.0000000000000000000, 0.0000000000000000000, -1.000000000000000000 ) ) ;
#56 = CARTESIAN_POINT ( 'NONE',  ( 0.5424549052921024961, 0.8965806903387379956, 0.8877718498066472508 ) ) ;
#57 = PLANE ( 'NONE',  #109 ) ;
#58 = LINE ( 'NONE', #1373, #2034 ) ;
#59 = VERTEX_POINT ( 'NONE', #1509 ) ;
#60 = CARTESIAN_POINT ( 'NONE',  ( 0.3313563918065747238, 0.8465806903387377291, 0.3070194508090614560 ) ) ;
#61 = CARTESIAN_POINT ( 'NONE',  ( 0.5139667655189662510, 0.8465806903387376181, 1.113270606177985345 ) ) ;
#62 = CARTESIAN_POINT ( 'NONE',  ( -1.561341383892501655, 0.8465806903387377291, 0.05000000000000000278 ) ) ;
#63 = LINE ( 'NONE', #1192, #520 ) ;
#64 = VERTEX_POINT ( 'NONE', #194 ) ;
#65 = CARTESIAN_POINT ( 'NONE',  ( 0.6784484058600913636, 0.8465806903387377291, 0.7216492864801420382 ) ) ;
#66 = EDGE_LOOP ( 'NONE', ( #1944, #1638, #391, #119 ) ) ;
#67 = CARTESIAN_POINT ( 'NONE',  ( 0.5075846655556109921, 0.8465806903387377291, 1.303051706069031646 ) ) ;
#68 =( GEOMETRIC_REPRESENTATION_CONTEXT ( 3 ) GLOBAL_UNCERTAINTY_ASSIGNED_CONTEXT ( ( #604 ) ) GLOBAL_UNIT_ASSIGNED_CONTEXT ( ( #1977, #103, #2180 ) ) REPRESENTATION_CONTEXT ( 'NONE', 'WORKASPACE' ) );
#69 = SURFACE_STYLE_FILL_AREA ( #440 ) ;
#70 = VECTOR ( 'NONE', #128, 1000.000000000000000 ) ;
#71 = STYLED_ITEM ( 'NONE', ( #1949 ), #1532 ) ;
#72 = SURFACE_STYLE_FILL_AREA ( #797 ) ;
#73 = EDGE_CURVE ( 'NONE', #1241, #998, #372, .T. ) ;
#74 = VECTOR ( 'NONE', #1490, 1000.000000000000000 ) ;
#75 = COLOUR_RGB ( '',1.000000000000000000, 1.000000000000000000, 1.000000000000000000 ) ;
#76 = ORIENTED_EDGE ( 'NONE', *, *, #2427, .F. ) ;
#77 = CARTESIAN_POINT ( 'NONE',  ( 0.1545582234963618629, 0.8965806903387378846, 0.3626287178138947187 ) ) ;
#78 = CARTESIAN_POINT ( 'NONE',  ( 0.5427450264590757412, 0.8465806903387377291, 0.8516931777817070559 ) ) ;
#79 = FACE_OUTER_BOUND ( 'NONE', #1246, .T. ) ;
#80 = CARTESIAN_POINT ( 'NONE',  ( 0.6111555894353365437, 0.8465806903387379512, 1.178734159739329046 ) ) ;
#81 = AXIS2_PLACEMENT_3D ( 'NONE', #2410, #1293, #1476 ) ;
#82 = ORIENTED_EDGE ( 'NONE', *, *, #2427, .T. ) ;
#83 = DIRECTION ( 'NONE',  ( -1.000000000000000000, 0.0000000000000000000, 0.0000000000000000000 ) ) ;
#84 = FACE_OUTER_BOUND ( 'NONE', #1948, .T. ) ;
#85 = EDGE_CURVE ( 'NONE', #678, #1325, #1753, .T. ) ;
#86 = ORIENTED_EDGE ( 'NONE', *, *, #1399, .T. ) ;
#87 =( NAMED_UNIT ( * ) SI_UNIT ( $, .STERADIAN. ) SOLID_ANGLE_UNIT ( ) );
#88 = DIRECTION ( 'NONE',  ( -0.0000000000000000000, -0.0000000000000000000, -1.000000000000000000 ) ) ;
#89 = PLANE ( 'NONE',  #669 ) ;
#90 = EDGE_CURVE ( 'NONE', #1325, #828, #774, .T. ) ;
#91 = B_SPLINE_CURVE_WITH_KNOTS ( 'NONE', 3,
 ( #512, #712, #531, #2039, #341, #1609, #664, #2367, #1422, #485, #1237, #330, #1989, #300, #1042, #1807, #118, #1625, #875 ),
 .UNSPECIFIED., .F., .F.,
 ( 4, 1, 1, 1, 1, 1, 1, 1, 1, 1, 1, 1, 1, 1, 1, 1, 4 ),
 ( 0.0000000000000000000, 0.04394642468398247959, 0.08655239831342162460, 0.1288650634349590707, 0.1720128132235559382, 0.2175400695654610694, 0.2659749505857450513, 0.3181885396111313602, 0.3752275012095910300, 0.4364671924888988142, 0.5021325667774801937, 0.5721844474234809574, 0.6474365254522794766, 0.7275568027565406659, 0.8127051171671709762, 0.9037128461661587675, 1.000000000000000000 ),
 .UNSPECIFIED. ) ;
#92 = CARTESIAN_POINT ( 'NONE',  ( 0.3392076318848517569, 0.8965806903387381066, 0.3714169982135221426 ) ) ;
#93 = EDGE_CURVE ( 'NONE', #2035, #2079, #1119, .T. ) ;
#94 = CARTESIAN_POINT ( 'NONE',  ( 0.2188871088267118625, 0.8965806903387378846, 1.249236831716195484 ) ) ;
#95 = ORIENTED_EDGE ( 'NONE', *, *, #2158, .F. ) ;
#96 = CARTESIAN_POINT ( 'NONE',  ( 0.6837090702242548668, 0.8965806903387377735, 0.8548406567208091111 ) ) ;
#97 = CARTESIAN_POINT ( 'NONE',  ( 0.05112355436256735969, 0.8465806903387376181, 0.4879533025124235257 ) ) ;
#98 = ORIENTED_EDGE ( 'NONE', *, *, #826, .T. ) ;
#99 = CARTESIAN_POINT ( 'NONE',  ( 0.1856948834272489357, 0.8965806903387376625, 1.205646221942110463 ) ) ;
#100 = DIRECTION ( 'NONE',  ( 0.0000000000000000000, -0.0000000000000000000, -1.000000000000000000 ) ) ;
#101 = CARTESIAN_POINT ( 'NONE',  ( 0.3444760784345000659, 0.8965806903387377735, 0.3074051610325241879 ) ) ;
#102 = CARTESIAN_POINT ( 'NONE',  ( 0.3223778243185810854, 0.8465806903387376181, 1.293875151677094992 ) ) ;
#103 =( NAMED_UNIT ( * ) PLANE_ANGLE_UNIT ( ) SI_UNIT ( $, .RADIAN. ) );
#104 = ORIENTED_EDGE ( 'NONE', *, *, #930, .T. ) ;
#105 = CARTESIAN_POINT ( 'NONE',  ( 0.6839204943706771456, 0.8965806903387377735, 0.8354649636295743420 ) ) ;
#106 = LINE ( 'NONE', #2027, #1774 ) ;
#107 = VECTOR ( 'NONE', #935, 1000.000000000000000 ) ;
#108 = VECTOR ( 'NONE', #2070, 1000.000000000000000 ) ;
#109 = AXIS2_PLACEMENT_3D ( 'NONE', #1188, #785, #2085 ) ;
#110 = ORIENTED_EDGE ( 'NONE', *, *, #1684, .T. ) ;
#111 = CARTESIAN_POINT ( 'NONE',  ( 0.1488145049828982214, 0.8465806903387378402, 1.113228321282204059 ) ) ;
#112 = PLANE ( 'NONE',  #1338 ) ;
#113 = DIRECTION ( 'NONE',  ( 1.000000000000000000, 1.668003342285391797E-16, 0.0000000000000000000 ) ) ;
#114 = PRESENTATION_LAYER_ASSIGNMENT (  '', '', ( #275 ) ) ;
#115 = CARTESIAN_POINT ( 'NONE',  ( 0.2814222983120056587, 0.8465806903387377291, 1.287630207599325782 ) ) ;
#116 = CARTESIAN_POINT ( 'NONE',  ( 0.3789832867210912726, 0.8965806903387382176, 0.3781636089219592711 ) ) ;
#117 = VECTOR ( 'NONE', #1419, 1000.000000000000000 ) ;
#118 = CARTESIAN_POINT ( 'NONE',  ( 0.1202064829141783614, 0.8965806903387376625, 0.7803470547399764534 ) ) ;
#119 = ORIENTED_EDGE ( 'NONE', *, *, #5, .T. ) ;
#120 = EDGE_CURVE ( 'NONE', #864, #1918, #58, .T. ) ;
#121 = CARTESIAN_POINT ( 'NONE',  ( 0.1228115541241252551, 0.8465806903387376181, 0.7297560521584639526 ) ) ;
#122 = ORIENTED_EDGE ( 'NONE', *, *, #1823, .F. ) ;
#123 = CARTESIAN_POINT ( 'NONE',  ( 0.1325214222043951950, 0.8965806903387376625, 1.033741122737260820 ) ) ;
#124 = CARTESIAN_POINT ( 'NONE',  ( 1.538658616107498434, 0.9465806903387379290, 1.649999999999999911 ) ) ;
#125 = PLANE ( 'NONE',  #1929 ) ;
#126 = DIRECTION ( 'NONE',  ( 0.0000000000000000000, -1.000000000000000000, 0.0000000000000000000 ) ) ;
#127 = ORIENTED_EDGE ( 'NONE', *, *, #1360, .F. ) ;
#128 = DIRECTION ( 'NONE',  ( -4.336808689942017736E-16, -1.000000000000000000, 0.0000000000000000000 ) ) ;
#129 = ORIENTED_EDGE ( 'NONE', *, *, #2268, .T. ) ;
#130 = EDGE_LOOP ( 'NONE', ( #744, #2275, #1055, #354 ) ) ;
#131 = CARTESIAN_POINT ( 'NONE',  ( 0.1856948834272489357, 0.8465806903387377291, 1.205646221942110463 ) ) ;
#132 = DIRECTION ( 'NONE',  ( 0.0000000000000000000, 0.0000000000000000000, -1.000000000000000000 ) ) ;
#133 = CARTESIAN_POINT ( 'NONE',  ( -0.02120771075752800328, 0.8965806903387377735, 0.8360659251680357951 ) ) ;
#134 = CARTESIAN_POINT ( 'NONE',  ( 1.438658616107498345, 0.8465806903387377291, 0.05000000000000000278 ) ) ;
#135 = ORIENTED_EDGE ( 'NONE', *, *, #142, .F. ) ;
#136 = CARTESIAN_POINT ( 'NONE',  ( 0.8886586161074986334, -0.05341930966126209879, 1.649999999999999911 ) ) ;
#137 = EDGE_LOOP ( 'NONE', ( #2216, #1780, #1224, #704 ) ) ;
#138 = MECHANICAL_DESIGN_GEOMETRIC_PRESENTATION_REPRESENTATION (  '', ( #2194 ), #254 ) ;
#139 = STYLED_ITEM ( 'NONE', ( #2376 ), #838 ) ;
#140 = PLANE ( 'NONE',  #1610 ) ;
#141 = VERTEX_POINT ( 'NONE', #1886 ) ;
#142 = EDGE_CURVE ( 'NONE', #988, #141, #46, .T. ) ;
#143 = CARTESIAN_POINT ( 'NONE',  ( 0.8886586161074985224, 0.9465806903387378179, 0.0000000000000000000 ) ) ;
#144 = LINE ( 'NONE', #2214, #2169 ) ;
#145 = CARTESIAN_POINT ( 'NONE',  ( 0.05166501268848828349, 0.8965806903387376625, 1.178856549315980828 ) ) ;
#146 = FILL_AREA_STYLE_COLOUR ( '', #1821 ) ;
#147 = VECTOR ( 'NONE', #1462, 1000.000000000000000 ) ;
#148 = ADVANCED_FACE ( 'NONE', ( #1702 ), #1926, .T. ) ;
#149 = VERTEX_POINT ( 'NONE', #637 ) ;
#150 = VECTOR ( 'NONE', #742, 1000.000000000000000 ) ;
#151 = DIRECTION ( 'NONE',  ( -0.0000000000000000000, -0.0000000000000000000, -1.000000000000000000 ) ) ;
#152 = VECTOR ( 'NONE', #2074, 1000.000000000000000 ) ;
#153 = LINE ( 'NONE', #2018, #2207 ) ;
#154 = PLANE ( 'NONE',  #1289 ) ;
#155 = PRODUCT_CONTEXT ( 'NONE', #890, 'mechanical' ) ;
#156 = FILL_AREA_STYLE ('',( #1851 ) ) ;
#157 = CARTESIAN_POINT ( 'NONE',  ( 0.3444043477423179844, 0.8965806903387381066, 1.357887359008258743 ) ) ;
#158 = DIRECTION ( 'NONE',  ( -0.0000000000000000000, -0.0000000000000000000, 1.000000000000000000 ) ) ;
#159 = CARTESIAN_POINT ( 'NONE',  ( 0.2194094747456810657, 0.8965806903387379956, 0.3264062327327172386 ) ) ;
#160 = PRESENTATION_LAYER_ASSIGNMENT (  '', '', ( #247 ) ) ;
#161 = CARTESIAN_POINT ( 'NONE',  ( 0.6839204943706771456, 0.8465806903387376181, 0.8354649636295743420 ) ) ;
#162 = CARTESIAN_POINT ( 'NONE',  ( 0.4612890577837409078, 0.8965806903387376625, 1.229396436300090212 ) ) ;
#163 = CARTESIAN_POINT ( 'NONE',  ( -0.02120771075752800328, 0.8465806903387377291, 0.8360659251680357951 ) ) ;
#164 = PLANE ( 'NONE',  #756 ) ;
#165 = CARTESIAN_POINT ( 'NONE',  ( 0.6839204943706771456, 0.8965806903387377735, 0.8354649636295743420 ) ) ;
#166 = CARTESIAN_POINT ( 'NONE',  ( -1.661341383892501522, 0.9465806903387379290, 1.649999999999999911 ) ) ;
#167 = CARTESIAN_POINT ( 'NONE',  ( -0.02120771075752800328, 0.8965806903387377735, 0.8360659251680357951 ) ) ;
#168 = CARTESIAN_POINT ( 'NONE',  ( 0.5399094995961213339, 0.8465806903387378402, 0.7297544357761520661 ) ) ;
#169 = SURFACE_STYLE_FILL_AREA ( #1905 ) ;
#170 = ORIENTED_EDGE ( 'NONE', *, *, #930, .F. ) ;
#171 = DIRECTION ( 'NONE',  ( -1.000000000000000000, -0.0000000000000000000, -0.0000000000000000000 ) ) ;
#172 = MECHANICAL_DESIGN_GEOMETRIC_PRESENTATION_REPRESENTATION (  '', ( #737 ), #1320 ) ;
#173 =( LENGTH_UNIT ( ) NAMED_UNIT ( * ) SI_UNIT ( .MILLI., .METRE. ) );
#174 = CARTESIAN_POINT ( 'NONE',  ( -0.5981307876806049029, 0.8965806903387377735, 0.4240066302962408606 ) ) ;
#175 = CARTESIAN_POINT ( 'NONE',  ( 0.4768142039204912863, 0.8465806903387373961, 1.205645283037241944 ) ) ;
#176 = DIRECTION ( 'NONE',  ( 0.0000000000000000000, -0.0000000000000000000, 1.000000000000000000 ) ) ;
#177 = SURFACE_STYLE_FILL_AREA ( #979 ) ;
#178 = FACE_OUTER_BOUND ( 'NONE', #821, .T. ) ;
#179 = COLOUR_RGB ( '',0.0000000000000000000, 0.0000000000000000000, 0.0000000000000000000 ) ;
#180 = VECTOR ( 'NONE', #558, 1000.000000000000000 ) ;
#181 = CARTESIAN_POINT ( 'NONE',  ( -0.02120771075752800328, 0.8465806903387377291, 0.8360659251680357951 ) ) ;
#182 = CARTESIAN_POINT ( 'NONE',  ( 0.4580553810373481638, 0.8465806903387376181, 0.4390837382295436075 ) ) ;
#183 = CARTESIAN_POINT ( 'NONE',  ( 0.8886586161074986334, 0.04658069033873783737, 1.649999999999999911 ) ) ;
#184 = STYLED_ITEM ( 'NONE', ( #1961 ), #1578 ) ;
#185 = VECTOR ( 'NONE', #906, 1000.000000000000000 ) ;
#186 = EDGE_CURVE ( 'NONE', #1417, #1809, #1545, .T. ) ;
#187 = ORIENTED_EDGE ( 'NONE', *, *, #1782, .F. ) ;
#188 = ADVANCED_FACE ( 'NONE', ( #435 ), #2353, .F. ) ;
#189 = UNCERTAINTY_MEASURE_WITH_UNIT (LENGTH_MEASURE( 1.000000000000000082E-05 ), #192, 'distance_accuracy_value', 'NONE');
#190 = DIRECTION ( 'NONE',  ( 1.000000000000000000, 1.084202172485504040E-15, -0.0000000000000000000 ) ) ;
#191 = FACE_OUTER_BOUND ( 'NONE', #2024, .T. ) ;
#192 =( LENGTH_UNIT ( ) NAMED_UNIT ( * ) SI_UNIT ( .MILLI., .METRE. ) );
#193 = CARTESIAN_POINT ( 'NONE',  ( 0.5301979830440612940, 0.8465806903387376181, 1.033743195181927366 ) ) ;
#194 = CARTESIAN_POINT ( 'NONE',  ( -1.011341383892501611, 0.04658069033873783737, 0.05000000000000000278 ) ) ;
#195 = LINE ( 'NONE', #340, #152 ) ;
#196 =( NAMED_UNIT ( * ) PLANE_ANGLE_UNIT ( ) SI_UNIT ( $, .RADIAN. ) );
#197 = CARTESIAN_POINT ( 'NONE',  ( 0.5218310588815601170, 0.8465806903387378402, 0.5967762257392000835 ) ) ;
#198 = ORIENTED_EDGE ( 'NONE', *, *, #1866, .F. ) ;
#199 = VERTEX_POINT ( 'NONE', #1747 ) ;
#200 = FACE_BOUND ( 'NONE', #1842, .T. ) ;
#201 = CARTESIAN_POINT ( 'NONE',  ( 0.5301979830440612940, 0.8965806903387377735, 1.033743195181927366 ) ) ;
#202 = PRODUCT_RELATED_PRODUCT_CATEGORY ( 'part', '', ( #795 ) ) ;
#203 = LINE ( 'NONE', #1725, #108 ) ;
#204 = EDGE_CURVE ( 'NONE', #616, #1325, #1942, .T. ) ;
#205 = CARTESIAN_POINT ( 'NONE',  ( 0.3183067215355074864, 0.8465806903387378402, 1.357897596813110619 ) ) ;
#206 = DIRECTION ( 'NONE',  ( 0.0000000000000000000, 0.0000000000000000000, 1.000000000000000000 ) ) ;
#207 = VERTEX_POINT ( 'NONE', #2014 ) ;
#208 = CARTESIAN_POINT ( 'NONE',  ( 0.4075499910174856244, 0.8965806903387377735, 1.350370309108458899 ) ) ;
#209 = CARTESIAN_POINT ( 'NONE',  ( 0.5428948533450362879, 0.8965806903387377735, 0.8330611174757280857 ) ) ;
#210 = CARTESIAN_POINT ( 'NONE',  ( 0.4010581384451283871, 0.8465806903387376181, 0.3875937881804016327 ) ) ;
#211 = DIRECTION ( 'NONE',  ( 0.0000000000000000000, -1.000000000000000000, 0.0000000000000000000 ) ) ;
#212 = ORIENTED_EDGE ( 'NONE', *, *, #1533, .T. ) ;
#213 = DIRECTION ( 'NONE',  ( 0.0000000000000000000, -1.000000000000000000, 0.0000000000000000000 ) ) ;
#214 = ORIENTED_EDGE ( 'NONE', *, *, #2415, .F. ) ;
#215 = DIRECTION ( 'NONE',  ( 1.000000000000000000, 0.0000000000000000000, 0.0000000000000000000 ) ) ;
#216 = CARTESIAN_POINT ( 'NONE',  ( 0.5139667655189662510, 0.8965806903387376625, 1.113270606177985345 ) ) ;
#217 = CARTESIAN_POINT ( 'NONE',  ( 0.6472047949489364571, 0.8465806903387377291, 0.5722839513722062232 ) ) ;
#218 = CARTESIAN_POINT ( 'NONE',  ( -0.7647974543472716435, 0.8965806903387377735, 1.268557912347523020 ) ) ;
#219 = FACE_OUTER_BOUND ( 'NONE', #1, .T. ) ;
#220 = EDGE_CURVE ( 'NONE', #1646, #936, #687, .T. ) ;
#221 = EDGE_LOOP ( 'NONE', ( #1154, #2148, #280, #2170, #1394, #411, #365, #676, #767, #1223 ) ) ;
#222 = CARTESIAN_POINT ( 'NONE',  ( -0.01576378393591984853, 0.8465806903387375071, 0.7219806978065965719 ) ) ;
#223 = PLANE ( 'NONE',  #2209 ) ;
#224 =( NAMED_UNIT ( * ) SI_UNIT ( $, .STERADIAN. ) SOLID_ANGLE_UNIT ( ) );
#225 = EDGE_CURVE ( 'NONE', #1564, #2388, #1074, .T. ) ;
#226 =( GEOMETRIC_REPRESENTATION_CONTEXT ( 3 ) GLOBAL_UNCERTAINTY_ASSIGNED_CONTEXT ( ( #1094 ) ) GLOBAL_UNIT_ASSIGNED_CONTEXT ( ( #433, #196, #224 ) ) REPRESENTATION_CONTEXT ( 'NONE', 'WORKASPACE' ) );
#227 = AXIS2_PLACEMENT_3D ( 'NONE', #986, #265, #1587 ) ;
#228 = AXIS2_PLACEMENT_3D ( 'NONE', #1070, #1836, #883 ) ;
#229 = EDGE_LOOP ( 'NONE', ( #1928, #2405, #792, #2354 ) ) ;
#230 = CARTESIAN_POINT ( 'NONE',  ( 0.6712304806860389661, 0.8965806903387379956, 0.6687712951116443483 ) ) ;
#231 = FILL_AREA_STYLE ('',( #244 ) ) ;
#232 = VECTOR ( 'NONE', #1700, 1000.000000000000000 ) ;
#233 = CARTESIAN_POINT ( 'NONE',  ( 0.5013622189087227898, 0.8465806903387376181, 0.5237452956771559975 ) ) ;
#234 = CARTESIAN_POINT ( 'NONE',  ( 0.2044167166520693690, 0.8465806903387377291, 0.4390161467722299982 ) ) ;
#235 = FILL_AREA_STYLE_COLOUR ( '', #179 ) ;
#236 = PRESENTATION_LAYER_ASSIGNMENT (  '', '', ( #1049 ) ) ;
#237 = CARTESIAN_POINT ( 'NONE',  ( 0.3313563918065747238, 0.8465806903387377291, 1.358301502091112667 ) ) ;
#238 = VERTEX_POINT ( 'NONE', #1841 ) ;
#239 = CARTESIAN_POINT ( 'NONE',  ( 0.05112355436256735969, 0.8465806903387376181, 0.4879533025124235257 ) ) ;
#240 = CARTESIAN_POINT ( 'NONE',  ( 0.6784258812980514808, 0.8965806903387377735, 0.9476750197717884738 ) ) ;
#241 = CARTESIAN_POINT ( 'NONE',  ( 0.4216895581829079864, 0.8965806903387377735, 0.4008832208227754990 ) ) ;
#242 = ORIENTED_EDGE ( 'NONE', *, *, #204, .T. ) ;
#243 = CARTESIAN_POINT ( 'NONE',  ( 0.4432981443183208747, 0.8965806903387383286, 0.3264148124156427966 ) ) ;
#244 = FILL_AREA_STYLE_COLOUR ( '', #1011 ) ;
#245 = DIRECTION ( 'NONE',  ( -0.0000000000000000000, -0.0000000000000000000, -1.000000000000000000 ) ) ;
#246 = PRESENTATION_STYLE_ASSIGNMENT (( #772 ) ) ;
#247 = STYLED_ITEM ( 'NONE', ( #1772 ), #922 ) ;
#248 = CARTESIAN_POINT ( 'NONE',  ( -1.011341383892501833, 0.8465806903387377291, 1.649999999999999911 ) ) ;
#249 = ORIENTED_EDGE ( 'NONE', *, *, #2268, .F. ) ;
#250 = MECHANICAL_DESIGN_GEOMETRIC_PRESENTATION_REPRESENTATION (  '', ( #675 ), #2259 ) ;
#251 = CARTESIAN_POINT ( 'NONE',  ( -0.008495782796795489297, 0.8965806903387377735, 0.6690393877774629683 ) ) ;
#252 = CARTESIAN_POINT ( 'NONE',  ( 1.438658616107498567, 0.8465806903387377291, 1.600000000000000089 ) ) ;
#253 = CARTESIAN_POINT ( 'NONE',  ( 0.6605847237136770467, 0.8465806903387377291, 1.049021745139723905 ) ) ;
#254 =( GEOMETRIC_REPRESENTATION_CONTEXT ( 3 ) GLOBAL_UNCERTAINTY_ASSIGNED_CONTEXT ( ( #1115 ) ) GLOBAL_UNIT_ASSIGNED_CONTEXT ( ( #2073, #1552, #8 ) ) REPRESENTATION_CONTEXT ( 'NONE', 'WORKASPACE' ) );
#255 = VERTEX_POINT ( 'NONE', #2181 ) ;
#256 = CARTESIAN_POINT ( 'NONE',  ( 0.6609357817672262270, 0.8965806903387377735, 0.6189039526257107404 ) ) ;
#257 = CARTESIAN_POINT ( 'NONE',  ( 0.5367922526121414739, 0.8965806903387376625, 1.278360570249804873 ) ) ;
#258 = EDGE_CURVE ( 'NONE', #2015, #1826, #1092, .T. ) ;
#259 = SURFACE_STYLE_FILL_AREA ( #1742 ) ;
#260 = VERTEX_POINT ( 'NONE', #1856 ) ;
#261 = CARTESIAN_POINT ( 'NONE',  ( 0.3444043477423179844, 0.8965806903387381066, 1.357887359008258743 ) ) ;
#262 = DIRECTION ( 'NONE',  ( -0.0000000000000000000, 1.000000000000000000, 0.0000000000000000000 ) ) ;
#263 = FILL_AREA_STYLE_COLOUR ( '', #2098 ) ;
#264 = CARTESIAN_POINT ( 'NONE',  ( 0.3309557507809334775, 0.8965806903387381066, 0.3711220149116255529 ) ) ;
#265 = DIRECTION ( 'NONE',  ( 0.0000000000000000000, -0.0000000000000000000, 1.000000000000000000 ) ) ;
#266 = ORIENTED_EDGE ( 'NONE', *, *, #393, .T. ) ;
#267 = LINE ( 'NONE', #1738, #27 ) ;
#268 = CARTESIAN_POINT ( 'NONE',  ( 0.6308934994035184651, 0.8965806903387377735, 1.138585600016015054 ) ) ;
#269 = VECTOR ( 'NONE', #384, 1000.000000000000000 ) ;
#270 = ADVANCED_FACE ( 'NONE', ( #2206 ), #889, .F. ) ;
#271 =( GEOMETRIC_REPRESENTATION_CONTEXT ( 3 ) GLOBAL_UNCERTAINTY_ASSIGNED_CONTEXT ( ( #581 ) ) GLOBAL_UNIT_ASSIGNED_CONTEXT ( ( #1178, #1498, #2317 ) ) REPRESENTATION_CONTEXT ( 'NONE', 'WORKASPACE' ) );
#272 = MECHANICAL_DESIGN_GEOMETRIC_PRESENTATION_REPRESENTATION (  '', ( #419 ), #1924 ) ;
#273 = CARTESIAN_POINT ( 'NONE',  ( -0.2904384799882972490, 0.8965806903387377735, 1.268557912347523020 ) ) ;
#274 = EDGE_CURVE ( 'NONE', #1646, #523, #837, .T. ) ;
#275 = STYLED_ITEM ( 'NONE', ( #1136 ), #1712 ) ;
#276 = ORIENTED_EDGE ( 'NONE', *, *, #826, .F. ) ;
#277 =( LENGTH_UNIT ( ) NAMED_UNIT ( * ) SI_UNIT ( .MILLI., .METRE. ) );
#278 = CARTESIAN_POINT ( 'NONE',  ( 0.3309557507809334775, 0.8965806903387377735, 0.3711220149116255529 ) ) ;
#279 = CARTESIAN_POINT ( 'NONE',  ( 0.6472652036789267038, 0.8465806903387377291, 1.095277861705629130 ) ) ;
#280 = ORIENTED_EDGE ( 'NONE', *, *, #225, .F. ) ;
#281 = CARTESIAN_POINT ( 'NONE',  ( 0.6839204943706771456, 0.8465806903387376181, 0.8354649636295743420 ) ) ;
#282 = VERTEX_POINT ( 'NONE', #2416 ) ;
#283 = EDGE_CURVE ( 'NONE', #238, #1179, #91, .T. ) ;
#284 = CARTESIAN_POINT ( 'NONE',  ( 0.1268057104641709676, 0.8465806903387378402, 0.9886788888708293310 ) ) ;
#285 = AXIS2_PLACEMENT_3D ( 'NONE', #483, #1986, #1594 ) ;
#286 = CARTESIAN_POINT ( 'NONE',  ( 0.4077837289106464591, 0.8965806903387377735, 0.3152481497872160476 ) ) ;
#287 =( NAMED_UNIT ( * ) PLANE_ANGLE_UNIT ( ) SI_UNIT ( $, .RADIAN. ) );
#288 = CARTESIAN_POINT ( 'NONE',  ( 0.6839204943706771456, 0.8465806903387376181, 0.8354649636295743420 ) ) ;
#289 =( NAMED_UNIT ( * ) SI_UNIT ( $, .STERADIAN. ) SOLID_ANGLE_UNIT ( ) );
#290 = CARTESIAN_POINT ( 'NONE',  ( 0.3056425534249052611, 0.8965806903387378846, 1.293243454534712233 ) ) ;
#291 = CARTESIAN_POINT ( 'NONE',  ( -1.011341383892501389, 0.04658069033873783737, 1.649999999999999911 ) ) ;
#292 = ORIENTED_EDGE ( 'NONE', *, *, #1782, .T. ) ;
#293 = CARTESIAN_POINT ( 'NONE',  ( 0.1592966228358866088, 0.8965806903387377735, 1.147652579700699782 ) ) ;
#294 = CARTESIAN_POINT ( 'NONE',  ( -1.011341383892501611, 0.8465806903387377291, 0.0000000000000000000 ) ) ;
#295 = CARTESIAN_POINT ( 'NONE',  ( 0.1202577157608827191, 0.8465806903387375071, 0.8877719006848557859 ) ) ;
#296 = EDGE_CURVE ( 'NONE', #64, #255, #312, .T. ) ;
#297 = AXIS2_PLACEMENT_3D ( 'NONE', #2224, #2033, #1120 ) ;
#298 = ORIENTED_EDGE ( 'NONE', *, *, #1457, .T. ) ;
#299 = EDGE_CURVE ( 'NONE', #592, #936, #677, .T. ) ;
#300 = CARTESIAN_POINT ( 'NONE',  ( 0.1332014758736038695, 0.8965806903387378846, 0.6379981927381299656 ) ) ;
#301 = VERTEX_POINT ( 'NONE', #1262 ) ;
#302 = CARTESIAN_POINT ( 'NONE',  ( 1.438658616107498345, 0.8465806903387377291, 0.0000000000000000000 ) ) ;
#303 = CARTESIAN_POINT ( 'NONE',  ( 0.2220146901598291644, 0.8965806903387382176, 0.4182161362971634766 ) ) ;
#304 = VECTOR ( 'NONE', #1508, 1000.000000000000000 ) ;
#305 = ORIENTED_EDGE ( 'NONE', *, *, #2289, .F. ) ;
#306 = CARTESIAN_POINT ( 'NONE',  ( 0.1268057104641709676, 0.8965806903387377735, 0.9886788888708293310 ) ) ;
#307 = CARTESIAN_POINT ( 'NONE',  ( 0.3313563918065747238, 0.8465806903387377291, 1.358301502091112667 ) ) ;
#308 = SURFACE_STYLE_FILL_AREA ( #1963 ) ;
#309 = COLOUR_RGB ( '',0.0000000000000000000, 0.0000000000000000000, 0.0000000000000000000 ) ;
#310 =( NAMED_UNIT ( * ) SI_UNIT ( $, .STERADIAN. ) SOLID_ANGLE_UNIT ( ) );
#311 = VECTOR ( 'NONE', #951, 1000.000000000000000 ) ;
#312 = LINE ( 'NONE', #2002, #2120 ) ;
#313 = ORIENTED_EDGE ( 'NONE', *, *, #904, .T. ) ;
#314 = EDGE_CURVE ( 'NONE', #1840, #1718, #2192, .T. ) ;
#315 = UNCERTAINTY_MEASURE_WITH_UNIT (LENGTH_MEASURE( 1.000000000000000082E-05 ), #1770, 'distance_accuracy_value', 'NONE');
#316 = VERTEX_POINT ( 'NONE', #1820 ) ;
#317 = CARTESIAN_POINT ( 'NONE',  ( 0.3309557507809334775, 0.8465806903387378402, 1.294198937988548792 ) ) ;
#318 = DIRECTION ( 'NONE',  ( 6.255012533570216466E-17, 1.000000000000000000, -0.0000000000000000000 ) ) ;
#319 = CARTESIAN_POINT ( 'NONE',  ( -0.02022678292187075899, 0.8965806903387376625, 0.8930302810699445315 ) ) ;
#320 = CARTESIAN_POINT ( 'NONE',  ( -0.7647974543472716435, 0.8965806903387377735, 0.4552566302962409162 ) ) ;
#321 = ORIENTED_EDGE ( 'NONE', *, *, #1358, .F. ) ;
#322 =( NAMED_UNIT ( * ) PLANE_ANGLE_UNIT ( ) SI_UNIT ( $, .RADIAN. ) );
#323 = ORIENTED_EDGE ( 'NONE', *, *, #1533, .F. ) ;
#324 = PLANE ( 'NONE',  #228 ) ;
#325 = LINE ( 'NONE', #1234, #844 ) ;
#326 =( LENGTH_UNIT ( ) NAMED_UNIT ( * ) SI_UNIT ( .MILLI., .METRE. ) );
#327 = SURFACE_SIDE_STYLE ('',( #1852 ) ) ;
#328 = VERTEX_POINT ( 'NONE', #863 ) ;
#329 = LINE ( 'NONE', #639, #1254 ) ;
#330 = CARTESIAN_POINT ( 'NONE',  ( 0.1502919810540895296, 0.8965806903387377735, 0.5587019556215456761 ) ) ;
#331 = DIRECTION ( 'NONE',  ( -4.336808689942017736E-16, -1.000000000000000000, 0.0000000000000000000 ) ) ;
#332 = VERTEX_POINT ( 'NONE', #1635 ) ;
#333 = LINE ( 'NONE', #1447, #1606 ) ;
#334 = DIRECTION ( 'NONE',  ( -1.000000000000000000, -0.0000000000000000000, -0.0000000000000000000 ) ) ;
#335 = LINE ( 'NONE', #681, #695 ) ;
#336 = FACE_OUTER_BOUND ( 'NONE', #1721, .T. ) ;
#337 = CARTESIAN_POINT ( 'NONE',  ( -0.7647974543472716435, 0.8465806903387377291, 0.4552566302962408051 ) ) ;
#338 = CARTESIAN_POINT ( 'NONE',  ( 1.538658616107497989, -0.05341930966126209879, 1.649999999999999911 ) ) ;
#339 = MECHANICAL_DESIGN_GEOMETRIC_PRESENTATION_REPRESENTATION (  '', ( #1805 ), #68 ) ;
#340 = CARTESIAN_POINT ( 'NONE',  ( -1.011341383892501389, 0.04658069033873783737, 1.649999999999999911 ) ) ;
#341 = CARTESIAN_POINT ( 'NONE',  ( 0.2614129344421012302, 0.8965806903387376625, 0.3876482544628411242 ) ) ;
#342 = VECTOR ( 'NONE', #514, 1000.000000000000000 ) ;
#343 = VECTOR ( 'NONE', #1090, 1000.000000000000000 ) ;
#344 = APPLICATION_CONTEXT ( 'automotive_design' ) ;
#345 = CARTESIAN_POINT ( 'NONE',  ( 0.1545582234963618629, 0.8465806903387378402, 0.3626287178138947187 ) ) ;
#346 = CARTESIAN_POINT ( 'NONE',  ( 0.6832897240664235206, 0.8465806903387376181, 0.7775494455630024282 ) ) ;
#347 = CARTESIAN_POINT ( 'NONE',  ( -1.561341383892501433, 0.8465806903387377291, 1.600000000000000089 ) ) ;
#348 = DIRECTION ( 'NONE',  ( -1.000000000000000000, 6.255012533570216466E-17, 0.0000000000000000000 ) ) ;
#349 =( NAMED_UNIT ( * ) PLANE_ANGLE_UNIT ( ) SI_UNIT ( $, .RADIAN. ) );
#350 = EDGE_CURVE ( 'NONE', #2388, #807, #2390, .T. ) ;
#351 = CARTESIAN_POINT ( 'NONE',  ( 1.438658616107498345, 0.04658069033873783737, 0.05000000000000000278 ) ) ;
#352 = CARTESIAN_POINT ( 'NONE',  ( -0.01576378393591984853, 0.8965806903387375515, 0.7219806978065965719 ) ) ;
#353 = LINE ( 'NONE', #1101, #1771 ) ;
#354 = ORIENTED_EDGE ( 'NONE', *, *, #274, .T. ) ;
#355 = DIRECTION ( 'NONE',  ( 0.0000000000000000000, -1.000000000000000000, 0.0000000000000000000 ) ) ;
#356 = CARTESIAN_POINT ( 'NONE',  ( 0.8886586161074986334, 0.04658069033873783737, 0.0000000000000000000 ) ) ;
#357 = UNCERTAINTY_MEASURE_WITH_UNIT (LENGTH_MEASURE( 1.000000000000000082E-05 ), #1688, 'distance_accuracy_value', 'NONE');
#358 =( NAMED_UNIT ( * ) SI_UNIT ( $, .STERADIAN. ) SOLID_ANGLE_UNIT ( ) );
#359 = CARTESIAN_POINT ( 'NONE',  ( 0.5428948533450362879, 0.8465806903387376181, 0.8330611174757280857 ) ) ;
#360 = DIRECTION ( 'NONE',  ( 0.0000000000000000000, 0.0000000000000000000, 1.000000000000000000 ) ) ;
#361 = CARTESIAN_POINT ( 'NONE',  ( 0.07433216816691227968, 0.8465806903387380622, 1.215762733281313457 ) ) ;
#362 = PRESENTATION_STYLE_ASSIGNMENT (( #1309 ) ) ;
#363 = CARTESIAN_POINT ( 'NONE',  ( 0.5124689326209735940, 0.8465806903387377291, 0.5586792895112109303 ) ) ;
#364 = EDGE_CURVE ( 'NONE', #1163, #692, #703, .T. ) ;
#365 = ORIENTED_EDGE ( 'NONE', *, *, #186, .F. ) ;
#366 = DIRECTION ( 'NONE',  ( -0.0000000000000000000, 1.000000000000000000, -0.0000000000000000000 ) ) ;
#367 = DIRECTION ( 'NONE',  ( -1.000000000000000000, 0.0000000000000000000, -0.0000000000000000000 ) ) ;
#368 = CARTESIAN_POINT ( 'NONE',  ( -0.7647974543472716435, 0.8465806903387377291, 0.3903527841423947153 ) ) ;
#369 = CARTESIAN_POINT ( 'NONE',  ( 0.0000000000000000000, 0.04658069033873783737, 0.0000000000000000000 ) ) ;
#370 = AXIS2_PLACEMENT_3D ( 'NONE', #727, #318, #348 ) ;
#371 = LINE ( 'NONE', #540, #425 ) ;
#372 = LINE ( 'NONE', #17, #1958 ) ;
#373 = LINE ( 'NONE', #542, #1450 ) ;
#374 = PRESENTATION_LAYER_ASSIGNMENT (  '', '', ( #1446 ) ) ;
#375 = DIRECTION ( 'NONE',  ( -0.0000000000000000000, -0.0000000000000000000, -1.000000000000000000 ) ) ;
#376 = CARTESIAN_POINT ( 'NONE',  ( 0.5013622189087227898, 0.8465806903387377291, 0.5237452956771559975 ) ) ;
#377 = DIRECTION ( 'NONE',  ( 0.0000000000000000000, -0.0000000000000000000, -1.000000000000000000 ) ) ;
#378 = VECTOR ( 'NONE', #903, 1000.000000000000000 ) ;
#379 = CARTESIAN_POINT ( 'NONE',  ( -1.561341383892501655, 0.8465806903387377291, 0.0000000000000000000 ) ) ;
#380 = EDGE_CURVE ( 'NONE', #1954, #657, #748, .T. ) ;
#381 = ORIENTED_EDGE ( 'NONE', *, *, #1209, .T. ) ;
#382 = ORIENTED_EDGE ( 'NONE', *, *, #93, .F. ) ;
#383 = SURFACE_STYLE_USAGE ( .BOTH. , #1157 ) ;
#384 = DIRECTION ( 'NONE',  ( 0.9828721869343218787, 0.0000000000000000000, -0.1842885350501852204 ) ) ;
#385 = LINE ( 'NONE', #2308, #304 ) ;
#386 = CARTESIAN_POINT ( 'NONE',  ( 0.8886586161074985224, 0.9465806903387378179, 1.649999999999999911 ) ) ;
#387 = SURFACE_SIDE_STYLE ('',( #177 ) ) ;
#388 = ORIENTED_EDGE ( 'NONE', *, *, #2426, .F. ) ;
#389 = B_SPLINE_SURFACE_WITH_KNOTS ( 'NONE', 3, 1, ( 
 ( #400, #832 ),
 ( #1602, #2360 ),
 ( #2187, #1233 ),
 ( #1827, #1051 ),
 ( #306, #284 ),
 ( #123, #1619 ),
 ( #671, #1982 ),
 ( #1802, #111 ),
 ( #293, #2373 ),
 ( #2197, #642 ),
 ( #99, #131 ),
 ( #1258, #1418 ),
 ( #504, #846 ),
 ( #684, #2010 ),
 ( #1428, #490 ),
 ( #2162, #859 ),
 ( #658, #1242 ),
 ( #1994, #1816 ),
 ( #1631, #317 ) ),
 .UNSPECIFIED., .F., .F., .F.,
 ( 4, 1, 1, 1, 1, 1, 1, 1, 1, 1, 1, 1, 1, 1, 1, 1, 4 ),
 ( 2, 2 ),
 ( 0.0000000000000000000, 0.09971794613560659715, 0.1930914249173348585, 0.2799012536754770797, 0.3609758322730219904, 0.4361249765869456008, 0.5055570220873980558, 0.5695361784475413414, 0.6285334123710363263, 0.6828791343731670516, 0.7331319934376901992, 0.7799645188164859855, 0.8245806417507405284, 0.8677299129839569636, 0.9105344599988192122, 0.9541430295380057824, 1.000000000000000000 ),
 ( 0.0000000000000000000, 1.000000000000000000 ),
 .UNSPECIFIED. ) ;
#390 = DIRECTION ( 'NONE',  ( -0.0000000000000000000, -1.000000000000000000, -0.0000000000000000000 ) ) ;
#391 = ORIENTED_EDGE ( 'NONE', *, *, #683, .T. ) ;
#392 = ORIENTED_EDGE ( 'NONE', *, *, #1390, .F. ) ;
#393 = EDGE_CURVE ( 'NONE', #988, #1163, #953, .T. ) ;
#394 = CARTESIAN_POINT ( 'NONE',  ( 0.5428948533450362879, 0.8965806903387381066, 0.8330611174757280857 ) ) ;
#395 = CARTESIAN_POINT ( 'NONE',  ( 0.6308628849060378130, 0.8465806903387375071, 0.5285981189078154951 ) ) ;
#396 = SURFACE_SIDE_STYLE ('',( #1371 ) ) ;
#397 = EDGE_CURVE ( 'NONE', #1809, #1156, #2089, .T. ) ;
#398 = SURFACE_STYLE_USAGE ( .BOTH. , #387 ) ;
#399 = CARTESIAN_POINT ( 'NONE',  ( -0.2904384799882972490, 0.8965806903387377735, 1.332660476450087117 ) ) ;
#400 = CARTESIAN_POINT ( 'NONE',  ( 0.1198179302681131181, 0.8965806903387377735, 0.8330611174757280857 ) ) ;
#401 = DIRECTION ( 'NONE',  ( 1.000000000000000000, -1.668003342285392044E-16, 0.0000000000000000000 ) ) ;
#402 = CARTESIAN_POINT ( 'NONE',  ( 0.5218310588815601170, 0.8965806903387378846, 0.5967762257392000835 ) ) ;
#403 = CARTESIAN_POINT ( 'NONE',  ( 0.1545582234963618629, 0.8965806903387378846, 0.3626287178138947187 ) ) ;
#404 = ORIENTED_EDGE ( 'NONE', *, *, #1113, .T. ) ;
#405 = CARTESIAN_POINT ( 'NONE',  ( 0.4432981443183208747, 0.8465806903387381732, 0.3264148124156427966 ) ) ;
#406 = UNCERTAINTY_MEASURE_WITH_UNIT (LENGTH_MEASURE( 1.000000000000000082E-05 ), #1888, 'distance_accuracy_value', 'NONE');
#407 = CARTESIAN_POINT ( 'NONE',  ( 0.5427621543229425027, 0.8965806903387379956, 0.8151627892334937231 ) ) ;
#408 = SURFACE_STYLE_USAGE ( .BOTH. , #2111 ) ;
#409 = CARTESIAN_POINT ( 'NONE',  ( -1.561341383892501433, 0.8465806903387377291, 1.649999999999999911 ) ) ;
#410 = MECHANICAL_DESIGN_GEOMETRIC_PRESENTATION_REPRESENTATION (  '', ( #139 ), #1586 ) ;
#411 = ORIENTED_EDGE ( 'NONE', *, *, #397, .F. ) ;
#412 = LINE ( 'NONE', #1565, #2000 ) ;
#413 = CARTESIAN_POINT ( 'NONE',  ( -1.561341383892501433, 0.04658069033873783737, 1.600000000000000089 ) ) ;
#414 = CARTESIAN_POINT ( 'NONE',  ( 0.4740999071874389958, 0.8965806903387376625, 0.4637072580584614689 ) ) ;
#415 = CARTESIAN_POINT ( 'NONE',  ( 0.3313563918065747238, 0.8465806903387377291, 1.358301502091112667 ) ) ;
#416 = AXIS2_PLACEMENT_3D ( 'NONE', #938, #1365, #570 ) ;
#417 = DIRECTION ( 'NONE',  ( -1.000000000000000000, 0.0000000000000000000, 0.0000000000000000000 ) ) ;
#418 = AXIS2_PLACEMENT_3D ( 'NONE', #1287, #2228, #1662 ) ;
#419 = STYLED_ITEM ( 'NONE', ( #993 ), #1639 ) ;
#420 = EDGE_LOOP ( 'NONE', ( #731, #1405, #1384, #2020 ) ) ;
#421 = CARTESIAN_POINT ( 'NONE',  ( -0.5981307876806049029, 0.8965806903387377735, 0.4240066302962408606 ) ) ;
#422 =( GEOMETRIC_REPRESENTATION_CONTEXT ( 3 ) GLOBAL_UNCERTAINTY_ASSIGNED_CONTEXT ( ( #13 ) ) GLOBAL_UNIT_ASSIGNED_CONTEXT ( ( #1894, #989, #2276 ) ) REPRESENTATION_CONTEXT ( 'NONE', 'WORKASPACE' ) );
#423 = LINE ( 'NONE', #1174, #1647 ) ;
#424 = CARTESIAN_POINT ( 'NONE',  ( 0.4010581384451283871, 0.8965806903387379956, 0.3875937881804016327 ) ) ;
#425 = VECTOR ( 'NONE', #1083, 1000.000000000000000 ) ;
#426 =( NAMED_UNIT ( * ) PLANE_ANGLE_UNIT ( ) SI_UNIT ( $, .RADIAN. ) );
#427 = VECTOR ( 'NONE', #88, 1000.000000000000000 ) ;
#428 = PRODUCT_DEFINITION_FORMATION_WITH_SPECIFIED_SOURCE ( 'ANY', '', #795, .NOT_KNOWN. ) ;
#429 = SURFACE_STYLE_FILL_AREA ( #1121 ) ;
#430 = ORIENTED_EDGE ( 'NONE', *, *, #2050, .F. ) ;
#431 = CARTESIAN_POINT ( 'NONE',  ( 0.1253150751078086489, 0.8965806903387378846, 0.3875097217805956729 ) ) ;
#432 =( LENGTH_UNIT ( ) NAMED_UNIT ( * ) SI_UNIT ( .MILLI., .METRE. ) );
#433 =( LENGTH_UNIT ( ) NAMED_UNIT ( * ) SI_UNIT ( .MILLI., .METRE. ) );
#434 = VERTEX_POINT ( 'NONE', #2066 ) ;
#435 = FACE_OUTER_BOUND ( 'NONE', #2318, .T. ) ;
#436 = ORIENTED_EDGE ( 'NONE', *, *, #2077, .F. ) ;
#437 = CARTESIAN_POINT ( 'NONE',  ( 0.6712304806860389661, 0.8465806903387378402, 0.6687712951116443483 ) ) ;
#438 = VERTEX_POINT ( 'NONE', #1904 ) ;
#439 = PRESENTATION_STYLE_ASSIGNMENT (( #383 ) ) ;
#440 = FILL_AREA_STYLE ('',( #1342 ) ) ;
#441 = B_SPLINE_CURVE_WITH_KNOTS ( 'NONE', 3,
 ( #696, #897, #2411, #1689, #709, #2446, #1487, #2199, #2023, #910, #145, #884, #506, #1466, #529, #2011, #1283, #1084, #133 ),
 .UNSPECIFIED., .F., .F.,
 ( 4, 1, 1, 1, 1, 1, 1, 1, 1, 1, 1, 1, 1, 1, 1, 1, 4 ),
 ( 0.0000000000000000000, 0.05559557787374099641, 0.1088074169403732416, 0.1611100312720282479, 0.2130613461325858160, 0.2655680569351900333, 0.3195088592709766639, 0.3756952059016407941, 0.4350738464319251486, 0.4967812044755208212, 0.5600542557910349606, 0.6256567348298684994, 0.6939283669497716689, 0.7649434400649646193, 0.8394578503306326933, 0.9177037739144731088, 1.000000000000000000 ),
 .UNSPECIFIED. ) ;
#442 = ORIENTED_EDGE ( 'NONE', *, *, #2205, .F. ) ;
#443 = DIRECTION ( 'NONE',  ( -1.000000000000000000, 0.0000000000000000000, 0.0000000000000000000 ) ) ;
#444 = CARTESIAN_POINT ( 'NONE',  ( 0.5075846655556109921, 0.8965806903387378846, 1.303051706069031646 ) ) ;
#445 = PRESENTATION_STYLE_ASSIGNMENT (( #1441 ) ) ;
#446 = DIRECTION ( 'NONE',  ( 0.0000000000000000000, -1.000000000000000000, 0.0000000000000000000 ) ) ;
#447 = EDGE_CURVE ( 'NONE', #1411, #618, #2332, .T. ) ;
#448 = EDGE_CURVE ( 'NONE', #1826, #828, #913, .T. ) ;
#449 = ORIENTED_EDGE ( 'NONE', *, *, #1218, .F. ) ;
#450 = CARTESIAN_POINT ( 'NONE',  ( 0.5888301422782161731, 0.8965806903387379956, 1.215830793040586055 ) ) ;
#451 = CARTESIAN_POINT ( 'NONE',  ( -1.661341383892501522, 0.9465806903387379290, 1.649999999999999911 ) ) ;
#452 = VERTEX_POINT ( 'NONE', #1322 ) ;
#453 = SURFACE_SIDE_STYLE ('',( #1452 ) ) ;
#454 = B_SPLINE_SURFACE_WITH_KNOTS ( 'NONE', 3, 1, ( 
 ( #264, #1916 ),
 ( #572, #2106 ),
 ( #968, #1337 ),
 ( #1735, #994 ),
 ( #1001, #1068 ),
 ( #1230, #1799 ),
 ( #303, #1256 ),
 ( #2008, #1730 ),
 ( #2150, #625 ),
 ( #1974, #815 ),
 ( #1029, #833 ),
 ( #480, #1983 ),
 ( #1313, #1143 ),
 ( #2230, #2272 ),
 ( #2068, #855 ),
 ( #1435, #1663 ),
 ( #1494, #2019 ),
 ( #1859, #2394 ),
 ( #1357, #2081 ) ),
 .UNSPECIFIED., .F., .F., .F.,
 ( 4, 1, 1, 1, 1, 1, 1, 1, 1, 1, 1, 1, 1, 1, 1, 1, 4 ),
 ( 2, 2 ),
 ( 0.0000000000000000000, 0.04394642468398247959, 0.08655239831342162460, 0.1288650634349590707, 0.1720128132235559382, 0.2175400695654610694, 0.2659749505857450513, 0.3181885396111313602, 0.3752275012095910300, 0.4364671924888988142, 0.5021325667774801937, 0.5721844474234809574, 0.6474365254522794766, 0.7275568027565406659, 0.8127051171671709762, 0.9037128461661587675, 1.000000000000000000 ),
 ( 0.0000000000000000000, 1.000000000000000000 ),
 .UNSPECIFIED. ) ;
#455 = CARTESIAN_POINT ( 'NONE',  ( -0.7647974543472716435, 0.8465806903387377291, 1.332660476450087117 ) ) ;
#456 = LINE ( 'NONE', #1785, #2220 ) ;
#457 = CARTESIAN_POINT ( 'NONE',  ( 0.4010581384451283871, 0.8465806903387375071, 0.3875937881804016327 ) ) ;
#458 = DIRECTION ( 'NONE',  ( 1.000000000000000000, 0.0000000000000000000, 0.0000000000000000000 ) ) ;
#459 = ORIENTED_EDGE ( 'NONE', *, *, #1781, .F. ) ;
#460 = CARTESIAN_POINT ( 'NONE',  ( 0.6472652036789267038, 0.8465806903387376181, 1.095277861705629130 ) ) ;
#461 = VECTOR ( 'NONE', #375, 1000.000000000000000 ) ;
#462 = ADVANCED_FACE ( 'NONE', ( #2250 ), #553, .F. ) ;
#463 = VECTOR ( 'NONE', #1687, 1000.000000000000000 ) ;
#464 = SURFACE_STYLE_FILL_AREA ( #2159 ) ;
#465 = AXIS2_PLACEMENT_3D ( 'NONE', #593, #3, #2109 ) ;
#466 = ORIENTED_EDGE ( 'NONE', *, *, #1938, .T. ) ;
#467 = FILL_AREA_STYLE_COLOUR ( '', #1008 ) ;
#468 = SURFACE_STYLE_USAGE ( .BOTH. , #1984 ) ;
#469 = CARTESIAN_POINT ( 'NONE',  ( 0.3702324943280491665, 0.8965806903387378846, 0.3081623828482307759 ) ) ;
#470 = DIRECTION ( 'NONE',  ( -0.0000000000000000000, -0.0000000000000000000, -1.000000000000000000 ) ) ;
#471 = CARTESIAN_POINT ( 'NONE',  ( 1.538658616107498434, 0.9465806903387379290, 0.0000000000000000000 ) ) ;
#472 = PRESENTATION_STYLE_ASSIGNMENT (( #603 ) ) ;
#473 = ORIENTED_EDGE ( 'NONE', *, *, #627, .F. ) ;
#474 = EDGE_LOOP ( 'NONE', ( #2127, #1762, #2287, #1015 ) ) ;
#475 = LINE ( 'NONE', #2345, #973 ) ;
#476 =( LENGTH_UNIT ( ) NAMED_UNIT ( * ) SI_UNIT ( .MILLI., .METRE. ) );
#477 = EDGE_CURVE ( 'NONE', #438, #301, #2076, .T. ) ;
#478 = ORIENTED_EDGE ( 'NONE', *, *, #350, .T. ) ;
#479 = EDGE_CURVE ( 'NONE', #1346, #434, #106, .T. ) ;
#480 = CARTESIAN_POINT ( 'NONE',  ( 0.1502919810540895296, 0.8965806903387381066, 0.5587019556215456761 ) ) ;
#481 = CARTESIAN_POINT ( 'NONE',  ( 0.3183067215355074864, 0.8465806903387378402, 1.357897596813110619 ) ) ;
#482 = LINE ( 'NONE', #455, #2048 ) ;
#483 = CARTESIAN_POINT ( 'NONE',  ( -1.561341383892501433, 0.04658069033873783737, 1.600000000000000089 ) ) ;
#484 = CARTESIAN_POINT ( 'NONE',  ( 0.3700723465337026341, 0.8465806903387378402, 1.357072654835242531 ) ) ;
#485 = CARTESIAN_POINT ( 'NONE',  ( 0.1740811403671093938, 0.8965806903387378846, 0.4919948500370709410 ) ) ;
#486 = ORIENTED_EDGE ( 'NONE', *, *, #447, .F. ) ;
#487 = SURFACE_STYLE_USAGE ( .BOTH. , #1425 ) ;
#488 =( NAMED_UNIT ( * ) PLANE_ANGLE_UNIT ( ) SI_UNIT ( $, .RADIAN. ) );
#489 = ORIENTED_EDGE ( 'NONE', *, *, #25, .F. ) ;
#490 = CARTESIAN_POINT ( 'NONE',  ( 0.2588842143304361243, 0.8465806903387380622, 1.278548355700237726 ) ) ;
#491 = CARTESIAN_POINT ( 'NONE',  ( -1.011341383892501389, -0.05341930966126220981, 0.0000000000000000000 ) ) ;
#492 = DIRECTION ( 'NONE',  ( -0.0000000000000000000, -0.0000000000000000000, 1.000000000000000000 ) ) ;
#493 = CARTESIAN_POINT ( 'NONE',  ( 0.3309557507809334775, 0.8465806903387376181, 0.3711220149116255529 ) ) ;
#494 = ORIENTED_EDGE ( 'NONE', *, *, #1658, .F. ) ;
#495 = CARTESIAN_POINT ( 'NONE',  ( -0.7647974543472716435, 0.8465806903387377291, 1.268557912347523020 ) ) ;
#496 = ORIENTED_EDGE ( 'NONE', *, *, #2443, .F. ) ;
#497 = CARTESIAN_POINT ( 'NONE',  ( 0.1716968165592239470, 0.8965806903387377735, 1.178427833809978509 ) ) ;
#498 = B_SPLINE_CURVE_WITH_KNOTS ( 'NONE', 3,
 ( #1217, #820, #1590, #640, #2358, #1969, #1026, #1789, #97, #1266, #1870, #2047, #345, #2255, #1858, #879, #2242, #533, #2392 ),
 .UNSPECIFIED., .F., .F.,
 ( 4, 1, 1, 1, 1, 1, 1, 1, 1, 1, 1, 1, 1, 1, 1, 1, 4 ),
 ( 0.0000000000000000000, 0.08319510541156728556, 0.1621226245073326966, 0.2370024975612640972, 0.3087195528983417980, 0.3770730802210883192, 0.4424759990464936510, 0.5056533792963598950, 0.5671087375940823128, 0.6261469739462710571, 0.6818116923810174645, 0.7354199516619605026, 0.7878156742269278867, 0.8392714731787260796, 0.8913438162819309341, 0.9446532046050551967, 0.9999999999999998890 ),
 .UNSPECIFIED. ) ;
#499 = VECTOR ( 'NONE', #1710, 1000.000000000000000 ) ;
#500 = DIRECTION ( 'NONE',  ( -0.0000000000000000000, 0.0000000000000000000, -1.000000000000000000 ) ) ;
#501 = VECTOR ( 'NONE', #1064, 1000.000000000000000 ) ;
#502 =( GEOMETRIC_REPRESENTATION_CONTEXT ( 3 ) GLOBAL_UNCERTAINTY_ASSIGNED_CONTEXT ( ( #722 ) ) GLOBAL_UNIT_ASSIGNED_CONTEXT ( ( #1377, #1759, #1569 ) ) REPRESENTATION_CONTEXT ( 'NONE', 'WORKASPACE' ) );
#503 = ORIENTED_EDGE ( 'NONE', *, *, #1596, .F. ) ;
#504 = CARTESIAN_POINT ( 'NONE',  ( 0.2188871088267118625, 0.8965806903387378846, 1.249236831716195484 ) ) ;
#505 = CARTESIAN_POINT ( 'NONE',  ( 0.002030564244287241804, 0.8465806903387377291, 1.049141407928913416 ) ) ;
#506 = CARTESIAN_POINT ( 'NONE',  ( 0.01564441126364350329, 0.8965806903387377735, 1.095297068729250700 ) ) ;
#507 = MECHANICAL_DESIGN_GEOMETRIC_PRESENTATION_REPRESENTATION (  '', ( #923 ), #2168 ) ;
#508 = PLANE ( 'NONE',  #896 ) ;
#509 = COLOUR_RGB ( '',1.000000000000000000, 1.000000000000000000, 1.000000000000000000 ) ;
#510 = EDGE_LOOP ( 'NONE', ( #76, #1815, #641, #2273 ) ) ;
#511 = EDGE_CURVE ( 'NONE', #1892, #678, #335, .T. ) ;
#512 = CARTESIAN_POINT ( 'NONE',  ( 0.3309557507809334775, 0.8965806903387381066, 0.3711220149116255529 ) ) ;
#513 = ORIENTED_EDGE ( 'NONE', *, *, #551, .F. ) ;
#514 = DIRECTION ( 'NONE',  ( -0.0000000000000000000, -1.000000000000000000, -0.0000000000000000000 ) ) ;
#515 = ORIENTED_EDGE ( 'NONE', *, *, #447, .T. ) ;
#516 = CARTESIAN_POINT ( 'NONE',  ( -1.011341383892501833, 0.9465806903387378179, 1.649999999999999911 ) ) ;
#517 = PLANE ( 'NONE',  #1736 ) ;
#518 = CARTESIAN_POINT ( 'NONE',  ( 0.8886586161074985224, 0.9465806903387378179, 1.649999999999999911 ) ) ;
#519 = DIRECTION ( 'NONE',  ( -1.000000000000000000, 0.0000000000000000000, 0.0000000000000000000 ) ) ;
#520 = VECTOR ( 'NONE', #470, 1000.000000000000000 ) ;
#521 = ORIENTED_EDGE ( 'NONE', *, *, #1113, .F. ) ;
#522 = DIRECTION ( 'NONE',  ( 1.000000000000000000, -0.0000000000000000000, -0.0000000000000000000 ) ) ;
#523 = VERTEX_POINT ( 'NONE', #2130 ) ;
#524 = EDGE_CURVE ( 'NONE', #2161, #701, #2425, .T. ) ;
#525 = DIRECTION ( 'NONE',  ( 0.0000000000000000000, 0.0000000000000000000, -1.000000000000000000 ) ) ;
#526 = EDGE_CURVE ( 'NONE', #1156, #1694, #2315, .T. ) ;
#527 = CARTESIAN_POINT ( 'NONE',  ( 1.438658616107498345, 0.8465806903387377291, 0.05000000000000000278 ) ) ;
#528 = CARTESIAN_POINT ( 'NONE',  ( 0.5228333730310236183, 0.8465806903387376181, 1.075274449531007148 ) ) ;
#529 = CARTESIAN_POINT ( 'NONE',  ( -0.008227623860773974548, 0.8965806903387377735, 1.000008058639286324 ) ) ;
#530 = DIRECTION ( 'NONE',  ( 1.000000000000000000, 0.0000000000000000000, 0.0000000000000000000 ) ) ;
#531 = CARTESIAN_POINT ( 'NONE',  ( 0.3066502741312885916, 0.8965806903387377735, 0.3719997215772927190 ) ) ;
#532 = PRESENTATION_LAYER_ASSIGNMENT (  '', '', ( #139 ) ) ;
#533 = CARTESIAN_POINT ( 'NONE',  ( 0.3182365788786773453, 0.8465806903387378402, 0.3074049512148458452 ) ) ;
#534 = PRODUCT_DEFINITION ( 'UNKNOWN', '', #428, #1517 ) ;
#535 = AXIS2_PLACEMENT_3D ( 'NONE', #1743, #2310, #595 ) ;
#536 = UNCERTAINTY_MEASURE_WITH_UNIT (LENGTH_MEASURE( 1.000000000000000082E-05 ), #1549, 'distance_accuracy_value', 'NONE');
#537 = AXIS2_PLACEMENT_3D ( 'NONE', #1871, #190, #1280 ) ;
#538 = CARTESIAN_POINT ( 'NONE',  ( 0.4077837289106464591, 0.8465806903387377291, 0.3152481497872160476 ) ) ;
#539 = CARTESIAN_POINT ( 'NONE',  ( 0.4245212180927750989, 0.8465806903387376181, 1.265718135936277466 ) ) ;
#540 = CARTESIAN_POINT ( 'NONE',  ( 1.438658616107498345, 0.04658069033873783737, 0.05000000000000000278 ) ) ;
#541 = PRESENTATION_LAYER_ASSIGNMENT (  '', '', ( #2126 ) ) ;
#542 = CARTESIAN_POINT ( 'NONE',  ( -1.561341383892501433, 0.04658069033873783737, 1.600000000000000089 ) ) ;
#543 = CARTESIAN_POINT ( 'NONE',  ( -0.7647974543472716435, 0.8965806903387377735, 1.332660476450087117 ) ) ;
#544 = VECTOR ( 'NONE', #171, 1000.000000000000000 ) ;
#545 = VECTOR ( 'NONE', #10, 1000.000000000000000 ) ;
#546 = DIRECTION ( 'NONE',  ( -1.000000000000000000, 0.0000000000000000000, 0.0000000000000000000 ) ) ;
#547 = EDGE_CURVE ( 'NONE', #1597, #301, #1757, .T. ) ;
#548 = CARTESIAN_POINT ( 'NONE',  ( 0.5424549052921024961, 0.8465806903387378402, 0.8877718498066472508 ) ) ;
#549 = FACE_OUTER_BOUND ( 'NONE', #688, .T. ) ;
#550 = SURFACE_STYLE_USAGE ( .BOTH. , #2400 ) ;
#551 = EDGE_CURVE ( 'NONE', #1267, #141, #1503, .T. ) ;
#552 = CARTESIAN_POINT ( 'NONE',  ( 0.3313563918065747238, 0.8965806903387378846, 1.358301502091112889 ) ) ;
#553 = PLANE ( 'NONE',  #1123 ) ;
#554 = B_SPLINE_CURVE_WITH_KNOTS ( 'NONE', 3,
 ( #1032, #1005, #295, #2351, #1431, #1583, #836, #2331, #674, #1758, #1019, #1407, #1040, #2166, #1976, #115, #849, #102, #1622 ),
 .UNSPECIFIED., .F., .F.,
 ( 4, 1, 1, 1, 1, 1, 1, 1, 1, 1, 1, 1, 1, 1, 1, 1, 4 ),
 ( 0.0000000000000000000, 0.09971794613560659715, 0.1930914249173348585, 0.2799012536754770797, 0.3609758322730219904, 0.4361249765869456008, 0.5055570220873980558, 0.5695361784475413414, 0.6285334123710363263, 0.6828791343731670516, 0.7331319934376901992, 0.7799645188164859855, 0.8245806417507405284, 0.8677299129839569636, 0.9105344599988192122, 0.9541430295380057824, 1.000000000000000000 ),
 .UNSPECIFIED. ) ;
#555 = ORIENTED_EDGE ( 'NONE', *, *, #296, .T. ) ;
#556 = LINE ( 'NONE', #1093, #1124 ) ;
#557 = FILL_AREA_STYLE ('',( #2256 ) ) ;
#558 = DIRECTION ( 'NONE',  ( 0.0000000000000000000, 0.0000000000000000000, 1.000000000000000000 ) ) ;
#559 = CARTESIAN_POINT ( 'NONE',  ( 0.5401222159550663759, 0.8965806903387375515, 0.9400340005091891715 ) ) ;
#560 = LINE ( 'NONE', #1318, #1690 ) ;
#561 = LINE ( 'NONE', #1889, #1652 ) ;
#562 = FACE_OUTER_BOUND ( 'NONE', #1601, .T. ) ;
#563 = CARTESIAN_POINT ( 'NONE',  ( 0.3309557507809334775, 0.8465806903387377291, 0.3711220149116255529 ) ) ;
#564 = LINE ( 'NONE', #2251, #2045 ) ;
#565 = ORIENTED_EDGE ( 'NONE', *, *, #869, .T. ) ;
#566 = DIRECTION ( 'NONE',  ( 0.0000000000000000000, 0.0000000000000000000, 1.000000000000000000 ) ) ;
#567 =( LENGTH_UNIT ( ) NAMED_UNIT ( * ) SI_UNIT ( .MILLI., .METRE. ) );
#568 = CARTESIAN_POINT ( 'NONE',  ( -0.02022678292187075899, 0.8465806903387376181, 0.8930302810699445315 ) ) ;
#569 = CARTESIAN_POINT ( 'NONE',  ( 0.3700723465337026341, 0.8965806903387378846, 1.357072654835242531 ) ) ;
#570 = DIRECTION ( 'NONE',  ( 0.0000000000000000000, -0.0000000000000000000, -1.000000000000000000 ) ) ;
#571 = CARTESIAN_POINT ( 'NONE',  ( 0.5427621543229425027, 0.8465806903387376181, 0.8151627892334937231 ) ) ;
#572 = CARTESIAN_POINT ( 'NONE',  ( 0.3227707053187750530, 0.8965806903387382176, 0.3714175889941453423 ) ) ;
#573 = PRESENTATION_LAYER_ASSIGNMENT (  '', '', ( #184 ) ) ;
#574 = B_SPLINE_CURVE_WITH_KNOTS ( 'NONE', 3,
 ( #209, #2131, #2448, #589, #1349, #2104, #402, #1512, #2302, #2117, #414, #1152, #1932, #241, #1746, #739, #2262, #1321, #1890 ),
 .UNSPECIFIED., .F., .F.,
 ( 4, 1, 1, 1, 1, 1, 1, 1, 1, 1, 1, 1, 1, 1, 1, 1, 4 ),
 ( 0.0000000000000000000, 0.09617343781042964057, 0.1870736858357942012, 0.2721214392958777317, 0.3521470938081371349, 0.4273762171891719586, 0.4972579073200219524, 0.5628457301913828426, 0.6241487102624824201, 0.6809562306794056941, 0.7333040510991282179, 0.7816817300748535313, 0.8271552183039637685, 0.8702520101991161328, 0.9128439554281407853, 0.9557476248178117251, 1.000000000000000000 ),
 .UNSPECIFIED. ) ;
#575 = EDGE_CURVE ( 'NONE', #1443, #1238, #2240, .T. ) ;
#576 = VERTEX_POINT ( 'NONE', #791 ) ;
#577 = VECTOR ( 'NONE', #50, 1000.000000000000000 ) ;
#578 = CARTESIAN_POINT ( 'NONE',  ( 0.5890484424732407298, 0.8965806903387381066, 0.4506053791986588397 ) ) ;
#579 = AXIS2_PLACEMENT_3D ( 'NONE', #2349, #1837, #1406 ) ;
#580 = ORIENTED_EDGE ( 'NONE', *, *, #1232, .T. ) ;
#581 = UNCERTAINTY_MEASURE_WITH_UNIT (LENGTH_MEASURE( 1.000000000000000082E-05 ), #1178, 'distance_accuracy_value', 'NONE');
#582 = CARTESIAN_POINT ( 'NONE',  ( 0.5399094995961213339, 0.8465806903387377291, 0.7297544357761520661 ) ) ;
#583 = CARTESIAN_POINT ( 'NONE',  ( 0.5371879905278803546, 0.8465806903387376181, 0.3875744397055894686 ) ) ;
#584 = CARTESIAN_POINT ( 'NONE',  ( 0.3309557507809334775, 0.8465806903387377291, 0.3711220149116255529 ) ) ;
#585 = CARTESIAN_POINT ( 'NONE',  ( 0.1555275922419554202, 0.8465806903387378402, 1.303052711077488324 ) ) ;
#586 = VERTEX_POINT ( 'NONE', #1103 ) ;
#587 =( NAMED_UNIT ( * ) PLANE_ANGLE_UNIT ( ) SI_UNIT ( $, .RADIAN. ) );
#588 = CARTESIAN_POINT ( 'NONE',  ( 0.5424549052921024961, 0.8465806903387379512, 0.8877718498066472508 ) ) ;
#589 = CARTESIAN_POINT ( 'NONE',  ( 0.5399094995961213339, 0.8965806903387378846, 0.7297544357761520661 ) ) ;
#590 = CARTESIAN_POINT ( 'NONE',  ( -0.02099213284611739158, 0.8965806903387379956, 0.8163572235640902397 ) ) ;
#591 = ORIENTED_EDGE ( 'NONE', *, *, #2132, .F. ) ;
#592 = VERTEX_POINT ( 'NONE', #611 ) ;
#593 = CARTESIAN_POINT ( 'NONE',  ( 0.6115534203386534529, 0.8965806903387379956, 1.176696344898116475 ) ) ;
#594 = CARTESIAN_POINT ( 'NONE',  ( 0.5296055441616768222, 0.8465806903387376181, 0.6379672939159550804 ) ) ;
#595 = DIRECTION ( 'NONE',  ( -0.0000000000000000000, 0.0000000000000000000, -1.000000000000000000 ) ) ;
#596 = FILL_AREA_STYLE_COLOUR ( '', #873 ) ;
#597 = PRESENTATION_STYLE_ASSIGNMENT (( #1729 ) ) ;
#598 = ORIENTED_EDGE ( 'NONE', *, *, #886, .T. ) ;
#599 = CARTESIAN_POINT ( 'NONE',  ( 0.1253150751078086489, 0.8465806903387378402, 0.3875097217805956729 ) ) ;
#600 = DIRECTION ( 'NONE',  ( -0.0000000000000000000, -1.000000000000000000, -0.0000000000000000000 ) ) ;
#601 = CARTESIAN_POINT ( 'NONE',  ( 0.8886586161074986334, 0.04658069033873783737, 1.649999999999999911 ) ) ;
#602 = ORIENTED_EDGE ( 'NONE', *, *, #2077, .T. ) ;
#603 = SURFACE_STYLE_USAGE ( .BOTH. , #1535 ) ;
#604 = UNCERTAINTY_MEASURE_WITH_UNIT (LENGTH_MEASURE( 1.000000000000000082E-05 ), #1977, 'distance_accuracy_value', 'NONE');
#605 = DIRECTION ( 'NONE',  ( 0.0000000000000000000, 0.0000000000000000000, 1.000000000000000000 ) ) ;
#606 = FILL_AREA_STYLE ('',( #977 ) ) ;
#607 = CARTESIAN_POINT ( 'NONE',  ( 1.438658616107498345, 0.8465806903387377291, 0.05000000000000000278 ) ) ;
#608 = CARTESIAN_POINT ( 'NONE',  ( 0.2554410060466774102, 0.8465806903387375071, 1.350311546398449414 ) ) ;
#609 = ORIENTED_EDGE ( 'NONE', *, *, #1584, .F. ) ;
#610 = CARTESIAN_POINT ( 'NONE',  ( 0.09833351702238703196, 0.8965806903387377735, 0.4169673508019873243 ) ) ;
#611 = CARTESIAN_POINT ( 'NONE',  ( 1.538658616107498434, 0.9465806903387379290, 1.649999999999999911 ) ) ;
#612 = LINE ( 'NONE', #23, #461 ) ;
#613 = ORIENTED_EDGE ( 'NONE', *, *, #90, .T. ) ;
#614 = COLOUR_RGB ( '',0.0000000000000000000, 0.0000000000000000000, 0.0000000000000000000 ) ;
#615 = AXIS2_PLACEMENT_3D ( 'NONE', #1832, #211, #377 ) ;
#616 = VERTEX_POINT ( 'NONE', #62 ) ;
#617 = CARTESIAN_POINT ( 'NONE',  ( 0.4077837289106464591, 0.8965806903387377735, 0.3152481497872160476 ) ) ;
#618 = VERTEX_POINT ( 'NONE', #2142 ) ;
#619 = LINE ( 'NONE', #1697, #1883 ) ;
#620 = AXIS2_PLACEMENT_3D ( 'NONE', #451, #1048, #1199 ) ;
#621 = CARTESIAN_POINT ( 'NONE',  ( 0.5428948533450362879, 0.8465806903387376181, 0.8330611174757280857 ) ) ;
#622 =( NAMED_UNIT ( * ) SI_UNIT ( $, .STERADIAN. ) SOLID_ANGLE_UNIT ( ) );
#623 = EDGE_CURVE ( 'NONE', #1826, #2093, #1695, .T. ) ;
#624 = FILL_AREA_STYLE_COLOUR ( '', #1881 ) ;
#625 = CARTESIAN_POINT ( 'NONE',  ( 0.1887015666903360811, 0.8465806903387370630, 0.4638348628224610026 ) ) ;
#626 = FILL_AREA_STYLE ('',( #263 ) ) ;
#627 = EDGE_CURVE ( 'NONE', #301, #828, #564, .T. ) ;
#628 = ORIENTED_EDGE ( 'NONE', *, *, #1133, .F. ) ;
#629 = CARTESIAN_POINT ( 'NONE',  ( 0.4767538886687614497, 0.8965806903387375515, 0.3422140571222144767 ) ) ;
#630 = FACE_OUTER_BOUND ( 'NONE', #1960, .T. ) ;
#631 = CARTESIAN_POINT ( 'NONE',  ( -1.011341383892501833, 0.9465806903387378179, 1.649999999999999911 ) ) ;
#632 = ORIENTED_EDGE ( 'NONE', *, *, #204, .F. ) ;
#633 = CARTESIAN_POINT ( 'NONE',  ( 0.2549304738386823366, 0.8965806903387376625, 0.3152505073479829889 ) ) ;
#634 = CARTESIAN_POINT ( 'NONE',  ( -1.661341383892501522, 0.9465806903387379290, 0.0000000000000000000 ) ) ;
#635 = CARTESIAN_POINT ( 'NONE',  ( 0.5371879905278803546, 0.8965806903387376625, 0.3875744397055894686 ) ) ;
#636 = EDGE_CURVE ( 'NONE', #618, #1993, #1439, .T. ) ;
#637 = CARTESIAN_POINT ( 'NONE',  ( -1.011341383892501833, 0.8465806903387377291, 1.649999999999999911 ) ) ;
#638 = LINE ( 'NONE', #1401, #1372 ) ;
#639 = CARTESIAN_POINT ( 'NONE',  ( -0.5981307876806049029, 0.8465806903387377291, 0.4240066302962408606 ) ) ;
#640 = CARTESIAN_POINT ( 'NONE',  ( -0.01576378393591984853, 0.8465806903387375071, 0.7219806978065965719 ) ) ;
#641 = ORIENTED_EDGE ( 'NONE', *, *, #2401, .T. ) ;
#642 = CARTESIAN_POINT ( 'NONE',  ( 0.1716968165592239470, 0.8465806903387378402, 1.178427833809978509 ) ) ;
#643 = FILL_AREA_STYLE ('',( #847 ) ) ;
#644 = CARTESIAN_POINT ( 'NONE',  ( 0.6308628849060378130, 0.8965806903387375515, 0.5285981189078154951 ) ) ;
#645 = CARTESIAN_POINT ( 'NONE',  ( -0.7647974543472716435, 0.8965806903387377735, 0.3903527841423947153 ) ) ;
#646 = VECTOR ( 'NONE', #735, 1000.000000000000000 ) ;
#647 = CARTESIAN_POINT ( 'NONE',  ( 0.5075846655556109921, 0.8465806903387378402, 1.303051706069031646 ) ) ;
#648 = ORIENTED_EDGE ( 'NONE', *, *, #721, .T. ) ;
#649 = ADVANCED_FACE ( 'NONE', ( #79 ), #125, .F. ) ;
#650 = ORIENTED_EDGE ( 'NONE', *, *, #1898, .F. ) ;
#651 = CARTESIAN_POINT ( 'NONE',  ( 1.438658616107498345, 0.04658069033873783737, 0.0000000000000000000 ) ) ;
#652 = AXIS2_PLACEMENT_3D ( 'NONE', #1501, #952, #1182 ) ;
#653 = EDGE_CURVE ( 'NONE', #1597, #1346, #2164, .T. ) ;
#654 = STYLED_ITEM ( 'NONE', ( #1491 ), #1495 ) ;
#655 = DIRECTION ( 'NONE',  ( 0.0000000000000000000, 0.0000000000000000000, 1.000000000000000000 ) ) ;
#656 = STYLED_ITEM ( 'NONE', ( #439 ), #2001 ) ;
#657 = VERTEX_POINT ( 'NONE', #1784 ) ;
#658 = CARTESIAN_POINT ( 'NONE',  ( 0.3056425534249052611, 0.8965806903387378846, 1.293243454534712233 ) ) ;
#659 = STYLED_ITEM ( 'NONE', ( #834 ), #2383 ) ;
#660 = SURFACE_STYLE_FILL_AREA ( #643 ) ;
#661 = CARTESIAN_POINT ( 'NONE',  ( 0.6472047949489364571, 0.8965806903387377735, 0.5722839513722062232 ) ) ;
#662 = SURFACE_STYLE_FILL_AREA ( #626 ) ;
#663 = CARTESIAN_POINT ( 'NONE',  ( 0.3392076318848517569, 0.8465806903387376181, 0.3714169982135221426 ) ) ;
#664 = CARTESIAN_POINT ( 'NONE',  ( 0.2220146901598291644, 0.8965806903387378846, 0.4182161362971634766 ) ) ;
#665 = EDGE_LOOP ( 'NONE', ( #1002, #1504, #1544, #1971 ) ) ;
#666 = CARTESIAN_POINT ( 'NONE',  ( 0.6111555894353365437, 0.8965806903387379956, 1.178734159739329046 ) ) ;
#667 = CARTESIAN_POINT ( 'NONE',  ( 0.1202064829141783614, 0.8465806903387376181, 0.7803470547399764534 ) ) ;
#668 = EDGE_CURVE ( 'NONE', #316, #1840, #482, .T. ) ;
#669 = AXIS2_PLACEMENT_3D ( 'NONE', #2342, #446, #1964 ) ;
#670 = ORIENTED_EDGE ( 'NONE', *, *, #2426, .T. ) ;
#671 = CARTESIAN_POINT ( 'NONE',  ( 0.1398573725676224844, 0.8965806903387379956, 1.075281347006253219 ) ) ;
#672 = CARTESIAN_POINT ( 'NONE',  ( 0.2554410060466774102, 0.8465806903387375071, 1.350311546398449414 ) ) ;
#673 = FILL_AREA_STYLE_COLOUR ( '', #2244 ) ;
#674 = CARTESIAN_POINT ( 'NONE',  ( 0.1592966228358866088, 0.8465806903387377291, 1.147652579700699782 ) ) ;
#675 = STYLED_ITEM ( 'NONE', ( #1063 ), #948 ) ;
#676 = ORIENTED_EDGE ( 'NONE', *, *, #1810, .F. ) ;
#677 = LINE ( 'NONE', #1433, #70 ) ;
#678 = VERTEX_POINT ( 'NONE', #294 ) ;
#679 = CARTESIAN_POINT ( 'NONE',  ( 0.1592966228358866088, 0.8965806903387377735, 1.147652579700699782 ) ) ;
#680 = DIRECTION ( 'NONE',  ( -0.0000000000000000000, -0.0000000000000000000, -1.000000000000000000 ) ) ;
#681 = CARTESIAN_POINT ( 'NONE',  ( -1.011341383892501833, 0.9465806903387378179, 0.0000000000000000000 ) ) ;
#682 = ORIENTED_EDGE ( 'NONE', *, *, #2030, .F. ) ;
#683 = EDGE_CURVE ( 'NONE', #2333, #592, #1975, .T. ) ;
#684 = CARTESIAN_POINT ( 'NONE',  ( 0.2379890155351834513, 0.8965806903387377735, 1.265723486027461986 ) ) ;
#685 = CARTESIAN_POINT ( 'NONE',  ( 0.05166501268848828349, 0.8465806903387376181, 1.178856549315980828 ) ) ;
#686 = SURFACE_SIDE_STYLE ('',( #308 ) ) ;
#687 = LINE ( 'NONE', #136, #2238 ) ;
#688 = EDGE_LOOP ( 'NONE', ( #2372, #1410, #1624, #1636 ) ) ;
#689 = CARTESIAN_POINT ( 'NONE',  ( 0.3313563918065747238, 0.8465806903387376181, 0.3070194508090614560 ) ) ;
#690 = LINE ( 'NONE', #1449, #1333 ) ;
#691 = VECTOR ( 'NONE', #2384, 1000.000000000000000 ) ;
#692 = VERTEX_POINT ( 'NONE', #491 ) ;
#693 = FILL_AREA_STYLE ('',( #467 ) ) ;
#694 = FACE_OUTER_BOUND ( 'NONE', #2108, .T. ) ;
#695 = VECTOR ( 'NONE', #927, 1000.000000000000000 ) ;
#696 = CARTESIAN_POINT ( 'NONE',  ( 0.3313563918065747238, 0.8965806903387377735, 1.358301502091112667 ) ) ;
#697 = STYLED_ITEM ( 'NONE', ( #1315 ), #1933 ) ;
#698 = B_SPLINE_CURVE_WITH_KNOTS ( 'NONE', 3,
 ( #1147, #1343, #1520, #538, #1909, #2278, #959, #583, #944, #2096, #1095, #395, #217, #715, #1860, #932, #346, #1474, #1135 ),
 .UNSPECIFIED., .F., .F.,
 ( 4, 1, 1, 1, 1, 1, 1, 1, 1, 1, 1, 1, 1, 1, 1, 1, 4 ),
 ( 0.0000000000000000000, 0.05540021908813192592, 0.1087610644899447004, 0.1608836706094930735, 0.2123891374561764911, 0.2645987660451519230, 0.3182587708910498692, 0.3741691402395585508, 0.4330963361432199066, 0.4946110144464276326, 0.5578493768896579663, 0.6233154261175366528, 0.6915425962160524076, 0.7630526495432655709, 0.8382842690408154329, 0.9170067206130619875, 1.000000000000000000 ),
 .UNSPECIFIED. ) ;
#699 = EDGE_CURVE ( 'NONE', #1443, #1236, #835, .T. ) ;
#700 = MECHANICAL_DESIGN_GEOMETRIC_PRESENTATION_REPRESENTATION (  '', ( #2280 ), #2441 ) ;
#701 = VERTEX_POINT ( 'NONE', #1996 ) ;
#702 = ADVANCED_FACE ( 'NONE', ( #2375 ), #823, .T. ) ;
#703 = LINE ( 'NONE', #1459, #1169 ) ;
#704 = ORIENTED_EDGE ( 'NONE', *, *, #2271, .T. ) ;
#705 = LINE ( 'NONE', #1650, #342 ) ;
#706 = UNCERTAINTY_MEASURE_WITH_UNIT (LENGTH_MEASURE( 1.000000000000000082E-05 ), #911, 'distance_accuracy_value', 'NONE');
#707 = CARTESIAN_POINT ( 'NONE',  ( 0.4245212180927750989, 0.8965806903387377735, 1.265718135936277466 ) ) ;
#708 = DIRECTION ( 'NONE',  ( 0.0000000000000000000, 0.0000000000000000000, -1.000000000000000000 ) ) ;
#709 = CARTESIAN_POINT ( 'NONE',  ( 0.2201597447519695605, 0.8965806903387379956, 1.339058741027655985 ) ) ;
#710 = CARTESIAN_POINT ( 'NONE',  ( 0.6605847237136770467, 0.8965806903387377735, 1.049021745139723905 ) ) ;
#711 = CARTESIAN_POINT ( 'NONE',  ( -0.02022678292187075899, 0.8465806903387376181, 0.8930302810699445315 ) ) ;
#712 = CARTESIAN_POINT ( 'NONE',  ( 0.3227707053187750530, 0.8965806903387378846, 0.3714175889941453423 ) ) ;
#713 = ADVANCED_FACE ( 'NONE', ( #848, #1205, #1039 ), #2362, .T. ) ;
#714 = CARTESIAN_POINT ( 'NONE',  ( -1.011341383892501833, 0.9465806903387378179, 0.0000000000000000000 ) ) ;
#715 = CARTESIAN_POINT ( 'NONE',  ( 0.6609357817672262270, 0.8465806903387377291, 0.6189039526257107404 ) ) ;
#716 = CARTESIAN_POINT ( 'NONE',  ( 0.4612890577837409078, 0.8465806903387375071, 1.229396436300090212 ) ) ;
#717 = LINE ( 'NONE', #1270, #1324 ) ;
#718 = DIRECTION ( 'NONE',  ( -0.0000000000000000000, -0.0000000000000000000, -1.000000000000000000 ) ) ;
#719 = CARTESIAN_POINT ( 'NONE',  ( -1.661341383892501522, -0.05341930966126216818, 1.649999999999999911 ) ) ;
#720 = FILL_AREA_STYLE ('',( #2442 ) ) ;
#721 = EDGE_CURVE ( 'NONE', #1694, #1564, #2053, .T. ) ;
#722 = UNCERTAINTY_MEASURE_WITH_UNIT (LENGTH_MEASURE( 1.000000000000000082E-05 ), #1377, 'distance_accuracy_value', 'NONE');
#723 = MECHANICAL_DESIGN_GEOMETRIC_PRESENTATION_REPRESENTATION (  '', ( #839 ), #2041 ) ;
#724 = CARTESIAN_POINT ( 'NONE',  ( -1.661341383892501522, 0.9465806903387379290, 0.0000000000000000000 ) ) ;
#725 = CARTESIAN_POINT ( 'NONE',  ( 0.5359051035812240071, 0.8965806903387378846, 0.9886782724339527872 ) ) ;
#726 = SURFACE_SIDE_STYLE ('',( #2430 ) ) ;
#727 = CARTESIAN_POINT ( 'NONE',  ( -1.661341383892501522, -0.05341930966126216818, 1.649999999999999911 ) ) ;
#728 = FILL_AREA_STYLE ('',( #899 ) ) ;
#729 = CARTESIAN_POINT ( 'NONE',  ( 0.8886586161074986334, 0.8465806903387377291, 1.649999999999999911 ) ) ;
#730 = EDGE_LOOP ( 'NONE', ( #1314, #888, #827, #1643 ) ) ;
#731 = ORIENTED_EDGE ( 'NONE', *, *, #1278, .F. ) ;
#732 = CARTESIAN_POINT ( 'NONE',  ( -1.011341383892501389, 0.04658069033873783737, 0.0000000000000000000 ) ) ;
#733 = CARTESIAN_POINT ( 'NONE',  ( 0.5031622092334741003, 0.8465806903387379512, 1.147614947063970492 ) ) ;
#734 = ADVANCED_FACE ( 'NONE', ( #549 ), #1307, .F. ) ;
#735 = DIRECTION ( 'NONE',  ( 0.0000000000000000000, 0.0000000000000000000, -1.000000000000000000 ) ) ;
#736 = CARTESIAN_POINT ( 'NONE',  ( -1.661341383892501522, -0.05341930966126216818, 1.649999999999999911 ) ) ;
#737 = STYLED_ITEM ( 'NONE', ( #2387 ), #987 ) ;
#738 = PLANE ( 'NONE',  #1216 ) ;
#739 = CARTESIAN_POINT ( 'NONE',  ( 0.3789832867210912726, 0.8965806903387378846, 0.3781636089219592711 ) ) ;
#740 = CARTESIAN_POINT ( 'NONE',  ( -0.02120771075752800328, 0.8965806903387377735, 0.8360659251680357951 ) ) ;
#741 = ADVANCED_FACE ( 'NONE', ( #1655 ), #164, .F. ) ;
#742 = DIRECTION ( 'NONE',  ( 1.000000000000000000, -0.0000000000000000000, -0.0000000000000000000 ) ) ;
#743 = EDGE_LOOP ( 'NONE', ( #1276, #2325, #1572, #86 ) ) ;
#744 = ORIENTED_EDGE ( 'NONE', *, *, #824, .T. ) ;
#745 = FACE_OUTER_BOUND ( 'NONE', #831, .T. ) ;
#746 = CARTESIAN_POINT ( 'NONE',  ( -0.4571051466549639897, 0.8965806903387377735, 0.3326604764500871170 ) ) ;
#747 = DIRECTION ( 'NONE',  ( 0.0000000000000000000, 0.0000000000000000000, 1.000000000000000000 ) ) ;
#748 = B_SPLINE_CURVE_WITH_KNOTS ( 'NONE', 3,
 ( #2026, #571, #2436, #168, #2237, #1336, #197, #363, #376, #765, #752, #182, #1300, #1513, #210, #24, #2449, #2057, #563 ),
 .UNSPECIFIED., .F., .F.,
 ( 4, 1, 1, 1, 1, 1, 1, 1, 1, 1, 1, 1, 1, 1, 1, 1, 4 ),
 ( 0.0000000000000000000, 0.09617343781042964057, 0.1870736858357942012, 0.2721214392958777317, 0.3521470938081371349, 0.4273762171891719586, 0.4972579073200219524, 0.5628457301913828426, 0.6241487102624824201, 0.6809562306794056941, 0.7333040510991282179, 0.7816817300748535313, 0.8271552183039637685, 0.8702520101991161328, 0.9128439554281407853, 0.9557476248178117251, 1.000000000000000000 ),
 .UNSPECIFIED. ) ;
#749 = EDGE_CURVE ( 'NONE', #2101, #260, #1109, .T. ) ;
#750 = CARTESIAN_POINT ( 'NONE',  ( 0.3313563918065747238, 0.8465806903387377291, 1.358301502091112667 ) ) ;
#751 = CARTESIAN_POINT ( 'NONE',  ( -1.561341383892501433, 0.04658069033873783737, 1.600000000000000089 ) ) ;
#752 = CARTESIAN_POINT ( 'NONE',  ( 0.4740999071874389958, 0.8465806903387376181, 0.4637072580584614689 ) ) ;
#753 = ORIENTED_EDGE ( 'NONE', *, *, #1027, .F. ) ;
#754 = PLANE ( 'NONE',  #2201 ) ;
#755 = CARTESIAN_POINT ( 'NONE',  ( 0.5428948533450362879, 0.8465806903387376181, 0.8330611174757280857 ) ) ;
#756 = AXIS2_PLACEMENT_3D ( 'NONE', #1642, #360, #1062 ) ;
#757 = CARTESIAN_POINT ( 'NONE',  ( 0.5296055441616768222, 0.8965806903387381066, 0.6379672939159550804 ) ) ;
#758 = LINE ( 'NONE', #1708, #180 ) ;
#759 = VECTOR ( 'NONE', #1361, 1000.000000000000000 ) ;
#760 = CARTESIAN_POINT ( 'NONE',  ( 0.1868155647243797679, 0.8465806903387378402, 1.323290896787889137 ) ) ;
#761 = EDGE_LOOP ( 'NONE', ( #1754, #632, #298, #1536 ) ) ;
#762 = CARTESIAN_POINT ( 'NONE',  ( -1.561341383892501433, 0.8465806903387377291, 1.600000000000000089 ) ) ;
#763 = VECTOR ( 'NONE', #925, 1000.000000000000000 ) ;
#764 = LINE ( 'NONE', #1529, #1480 ) ;
#765 = CARTESIAN_POINT ( 'NONE',  ( 0.4883213395753108199, 0.8465806903387376181, 0.4921115570325741984 ) ) ;
#766 = PRESENTATION_LAYER_ASSIGNMENT (  '', '', ( #71 ) ) ;
#767 = ORIENTED_EDGE ( 'NONE', *, *, #1661, .F. ) ;
#768 = CARTESIAN_POINT ( 'NONE',  ( 0.6784484058600913636, 0.8965806903387378846, 0.7216492864801420382 ) ) ;
#769 = VECTOR ( 'NONE', #401, 1000.000000000000000 ) ;
#770 = ORIENTED_EDGE ( 'NONE', *, *, #1943, .T. ) ;
#771 = DIRECTION ( 'NONE',  ( -0.0000000000000000000, -1.000000000000000000, -0.0000000000000000000 ) ) ;
#772 = SURFACE_STYLE_USAGE ( .BOTH. , #1561 ) ;
#773 = CARTESIAN_POINT ( 'NONE',  ( -0.5981307876806049029, 0.8965806903387377735, 1.268557912347523020 ) ) ;
#774 = LINE ( 'NONE', #607, #22 ) ;
#775 = CARTESIAN_POINT ( 'NONE',  ( 0.2927669040100374653, 0.8465806903387378402, 1.357107104265523834 ) ) ;
#776 = FACE_OUTER_BOUND ( 'NONE', #1705, .T. ) ;
#777 = EDGE_LOOP ( 'NONE', ( #1767, #1022, #2264, #1801 ) ) ;
#778 = CARTESIAN_POINT ( 'NONE',  ( -0.02057203533424094982, 0.8965806903387381066, 0.7779508003273296612 ) ) ;
#779 = DIRECTION ( 'NONE',  ( 0.0000000000000000000, 1.000000000000000000, 0.0000000000000000000 ) ) ;
#780 = FACE_OUTER_BOUND ( 'NONE', #1366, .T. ) ;
#781 = VERTEX_POINT ( 'NONE', #1873 ) ;
#782 = ORIENTED_EDGE ( 'NONE', *, *, #798, .F. ) ;
#783 = SURFACE_STYLE_FILL_AREA ( #955 ) ;
#784 = CARTESIAN_POINT ( 'NONE',  ( 0.4216895581829079864, 0.8465806903387376181, 0.4008832208227754990 ) ) ;
#785 = DIRECTION ( 'NONE',  ( 1.000000000000000000, 0.0000000000000000000, 0.0000000000000000000 ) ) ;
#786 = SURFACE_SIDE_STYLE ('',( #7 ) ) ;
#787 = PRESENTATION_STYLE_ASSIGNMENT (( #398 ) ) ;
#788 = ORIENTED_EDGE ( 'NONE', *, *, #1970, .T. ) ;
#789 = CARTESIAN_POINT ( 'NONE',  ( 0.001846236143139150720, 0.8965806903387378846, 0.6191464050661656948 ) ) ;
#790 = CARTESIAN_POINT ( 'NONE',  ( 0.3309557507809334775, 0.8465806903387378402, 1.294198937988548792 ) ) ;
#791 = CARTESIAN_POINT ( 'NONE',  ( -1.561341383892501655, 0.04658069033873783737, 0.05000000000000000278 ) ) ;
#792 = ORIENTED_EDGE ( 'NONE', *, *, #886, .F. ) ;
#793 = CARTESIAN_POINT ( 'NONE',  ( 0.6114006715304658446, 0.8465806903387377291, 0.4879417978907938380 ) ) ;
#794 = ADVANCED_FACE ( 'NONE', ( #1260 ), #1477, .T. ) ;
#795 = PRODUCT ( 'SF-1206HH-R', 'SF-1206HH-R', '', ( #155 ) ) ;
#796 = CARTESIAN_POINT ( 'NONE',  ( 0.5427450264590757412, 0.8965806903387377735, 0.8516931777817070559 ) ) ;
#797 = FILL_AREA_STYLE ('',( #32 ) ) ;
#798 = EDGE_CURVE ( 'NONE', #438, #260, #717, .T. ) ;
#799 = EDGE_LOOP ( 'NONE', ( #1468, #2334, #436, #1130 ) ) ;
#800 = CARTESIAN_POINT ( 'NONE',  ( 0.2924799150344954413, 0.8465806903387379512, 0.3081617611189313988 ) ) ;
#801 = CARTESIAN_POINT ( 'NONE',  ( 0.5228333730310236183, 0.8465806903387377291, 1.075274449531007148 ) ) ;
#802 = LINE ( 'NONE', #1222, #1786 ) ;
#803 = PRESENTATION_LAYER_ASSIGNMENT (  '', '', ( #839 ) ) ;
#804 = VECTOR ( 'NONE', #151, 1000.000000000000000 ) ;
#805 = VERTEX_POINT ( 'NONE', #1863 ) ;
#806 = CARTESIAN_POINT ( 'NONE',  ( 0.6837065680587041117, 0.8465806903387375071, 0.8158228639580513697 ) ) ;
#807 = VERTEX_POINT ( 'NONE', #337 ) ;
#808 = CARTESIAN_POINT ( 'NONE',  ( 0.4762983709749677996, 0.8465806903387373961, 1.323292390460195866 ) ) ;
#809 = VECTOR ( 'NONE', #680, 1000.000000000000000 ) ;
#810 = VECTOR ( 'NONE', #2067, 1000.000000000000000 ) ;
#811 = CARTESIAN_POINT ( 'NONE',  ( 0.5228333730310236183, 0.8965806903387377735, 1.075274449531007148 ) ) ;
#812 = MECHANICAL_DESIGN_GEOMETRIC_PRESENTATION_REPRESENTATION (  '', ( #1571 ), #2006 ) ;
#813 = ORIENTED_EDGE ( 'NONE', *, *, #2030, .T. ) ;
#814 = CARTESIAN_POINT ( 'NONE',  ( 0.2194094747456810657, 0.8465806903387379512, 0.3264062327327172386 ) ) ;
#815 = CARTESIAN_POINT ( 'NONE',  ( 0.1740811403671093938, 0.8465806903387371740, 0.4919948500370709410 ) ) ;
#816 = DIRECTION ( 'NONE',  ( 0.0000000000000000000, -0.0000000000000000000, 1.000000000000000000 ) ) ;
#817 =( NAMED_UNIT ( * ) SI_UNIT ( $, .STERADIAN. ) SOLID_ANGLE_UNIT ( ) );
#818 = ORIENTED_EDGE ( 'NONE', *, *, #1951, .F. ) ;
#819 = CARTESIAN_POINT ( 'NONE',  ( 0.3313563918065747238, 0.8965806903387377735, 1.358301502091112667 ) ) ;
#820 = CARTESIAN_POINT ( 'NONE',  ( -0.02099213284611739158, 0.8465806903387379512, 0.8163572235640902397 ) ) ;
#821 = EDGE_LOOP ( 'NONE', ( #1748, #1505, #2338, #473 ) ) ;
#822 = CARTESIAN_POINT ( 'NONE',  ( 0.6605847237136770467, 0.8965806903387377735, 1.049021745139723905 ) ) ;
#823 = PLANE ( 'NONE',  #2366 ) ;
#824 = EDGE_CURVE ( 'NONE', #523, #434, #920, .T. ) ;
#825 = CARTESIAN_POINT ( 'NONE',  ( 0.5888301422782161731, 0.8465806903387379512, 1.215830793040586055 ) ) ;
#826 = EDGE_CURVE ( 'NONE', #2035, #1411, #441, .T. ) ;
#827 = ORIENTED_EDGE ( 'NONE', *, *, #9, .T. ) ;
#828 = VERTEX_POINT ( 'NONE', #872 ) ;
#829 = CARTESIAN_POINT ( 'NONE',  ( -1.561341383892501655, 0.8465806903387377291, 0.05000000000000000278 ) ) ;
#830 = CARTESIAN_POINT ( 'NONE',  ( 0.1614147458365937093, 0.8465806903387375071, 0.5238052012830699544 ) ) ;
#831 = EDGE_LOOP ( 'NONE', ( #249, #1151, #486, #276 ) ) ;
#832 = CARTESIAN_POINT ( 'NONE',  ( 0.1198179302681131181, 0.8465806903387378402, 0.8330611174757280857 ) ) ;
#833 = CARTESIAN_POINT ( 'NONE',  ( 0.1614147458365937093, 0.8465806903387369520, 0.5238052012830699544 ) ) ;
#834 = PRESENTATION_STYLE_ASSIGNMENT (( #468 ) ) ;
#835 = LINE ( 'NONE', #1191, #427 ) ;
#836 = CARTESIAN_POINT ( 'NONE',  ( 0.1398573725676224844, 0.8465806903387379512, 1.075281347006253219 ) ) ;
#837 = LINE ( 'NONE', #1275, #501 ) ;
#838 = ADVANCED_FACE ( 'NONE', ( #1454 ), #89, .F. ) ;
#839 = STYLED_ITEM ( 'NONE', ( #878 ), #1162 ) ;
#840 = CARTESIAN_POINT ( 'NONE',  ( 0.6837090702242548668, 0.8465806903387376181, 0.8548406567208091111 ) ) ;
#841 = MECHANICAL_DESIGN_GEOMETRIC_PRESENTATION_REPRESENTATION (  '', ( #71 ), #969 ) ;
#842 = AXIS2_PLACEMENT_3D ( 'NONE', #421, #1537, #2320 ) ;
#843 = DIRECTION ( 'NONE',  ( -1.000000000000000000, 0.0000000000000000000, 0.0000000000000000000 ) ) ;
#844 = VECTOR ( 'NONE', #2398, 1000.000000000000000 ) ;
#845 = VERTEX_POINT ( 'NONE', #1950 ) ;
#846 = CARTESIAN_POINT ( 'NONE',  ( 0.2188871088267118625, 0.8465806903387379512, 1.249236831716195484 ) ) ;
#847 = FILL_AREA_STYLE_COLOUR ( '', #2086 ) ;
#848 = FACE_BOUND ( 'NONE', #777, .T. ) ;
#849 = CARTESIAN_POINT ( 'NONE',  ( 0.3056425534249052611, 0.8465806903387378402, 1.293243454534712233 ) ) ;
#850 = CARTESIAN_POINT ( 'NONE',  ( 0.6837090702242548668, 0.8465806903387377291, 0.8548406567208091111 ) ) ;
#851 = DIRECTION ( 'NONE',  ( -0.9828721869343218787, 0.0000000000000000000, 0.1842885350501854147 ) ) ;
#852 = ORIENTED_EDGE ( 'NONE', *, *, #2370, .T. ) ;
#853 = CARTESIAN_POINT ( 'NONE',  ( 0.1325214222043951950, 0.8965806903387376625, 1.033741122737260820 ) ) ;
#854 = CARTESIAN_POINT ( 'NONE',  ( -0.01590476857470029745, 0.8965806903387378846, 0.9480475299017940838 ) ) ;
#855 = CARTESIAN_POINT ( 'NONE',  ( 0.1272013740080422672, 0.8465806903387371740, 0.6823095902090567932 ) ) ;
#856 = PLANE ( 'NONE',  #1649 ) ;
#857 =( GEOMETRIC_REPRESENTATION_CONTEXT ( 3 ) GLOBAL_UNCERTAINTY_ASSIGNED_CONTEXT ( ( #1327 ) ) GLOBAL_UNIT_ASSIGNED_CONTEXT ( ( #1086, #2200, #862 ) ) REPRESENTATION_CONTEXT ( 'NONE', 'WORKASPACE' ) );
#858 = ORIENTED_EDGE ( 'NONE', *, *, #2417, .T. ) ;
#859 = CARTESIAN_POINT ( 'NONE',  ( 0.2814222983120056587, 0.8465806903387378402, 1.287630207599325782 ) ) ;
#860 = CARTESIAN_POINT ( 'NONE',  ( 0.1555275922419554202, 0.8465806903387378402, 1.303052711077488324 ) ) ;
#861 = DIRECTION ( 'NONE',  ( 0.0000000000000000000, 0.0000000000000000000, 1.000000000000000000 ) ) ;
#862 =( NAMED_UNIT ( * ) SI_UNIT ( $, .STERADIAN. ) SOLID_ANGLE_UNIT ( ) );
#863 = CARTESIAN_POINT ( 'NONE',  ( -1.561341383892501433, 0.8465806903387377291, 1.600000000000000089 ) ) ;
#864 = VERTEX_POINT ( 'NONE', #645 ) ;
#865 = CARTESIAN_POINT ( 'NONE',  ( -0.7647974543472716435, 0.8965806903387377735, 0.3903527841423947153 ) ) ;
#866 = ADVANCED_FACE ( 'NONE', ( #1804 ), #2178, .F. ) ;
#867 = UNCERTAINTY_MEASURE_WITH_UNIT (LENGTH_MEASURE( 1.000000000000000082E-05 ), #1880, 'distance_accuracy_value', 'NONE');
#868 = ORIENTED_EDGE ( 'NONE', *, *, #40, .T. ) ;
#869 = EDGE_CURVE ( 'NONE', #1598, #1879, #554, .T. ) ;
#870 = CARTESIAN_POINT ( 'NONE',  ( -0.5981307876806049029, 0.8965806903387377735, 0.4240066302962408606 ) ) ;
#871 = CARTESIAN_POINT ( 'NONE',  ( 0.03231563366839662610, 0.8465806903387378402, 1.138479674687042920 ) ) ;
#872 = CARTESIAN_POINT ( 'NONE',  ( 0.8886586161074986334, 0.8465806903387377291, 0.05000000000000000278 ) ) ;
#873 = COLOUR_RGB ( '',0.0000000000000000000, 0.0000000000000000000, 0.0000000000000000000 ) ;
#874 = ORIENTED_EDGE ( 'NONE', *, *, #1717, .F. ) ;
#875 = CARTESIAN_POINT ( 'NONE',  ( 0.1198179302681131181, 0.8965806903387377735, 0.8330611174757280857 ) ) ;
#876 = EDGE_LOOP ( 'NONE', ( #1906, #1990, #129, #1219 ) ) ;
#877 = PRESENTATION_LAYER_ASSIGNMENT (  '', '', ( #1719 ) ) ;
#878 = PRESENTATION_STYLE_ASSIGNMENT (( #2357 ) ) ;
#879 = CARTESIAN_POINT ( 'NONE',  ( 0.2549304738386823366, 0.8465806903387376181, 0.3152505073479829889 ) ) ;
#880 = MECHANICAL_DESIGN_GEOMETRIC_PRESENTATION_REPRESENTATION (  '', ( #1446 ), #1007 ) ;
#881 = STYLED_ITEM ( 'NONE', ( #1656 ), #1499 ) ;
#882 = EDGE_LOOP ( 'NONE', ( #2135, #1540, #1534, #1043, #1028, #2091 ) ) ;
#883 = DIRECTION ( 'NONE',  ( 0.0000000000000000000, 0.0000000000000000000, 1.000000000000000000 ) ) ;
#884 = CARTESIAN_POINT ( 'NONE',  ( 0.03231563366839662610, 0.8965806903387378846, 1.138479674687042920 ) ) ;
#885 = FACE_OUTER_BOUND ( 'NONE', #47, .T. ) ;
#886 = EDGE_CURVE ( 'NONE', #1236, #805, #2190, .T. ) ;
#887 =( GEOMETRIC_REPRESENTATION_CONTEXT ( 3 ) GLOBAL_UNCERTAINTY_ASSIGNED_CONTEXT ( ( #2395 ) ) GLOBAL_UNIT_ASSIGNED_CONTEXT ( ( #1073, #1599, #289 ) ) REPRESENTATION_CONTEXT ( 'NONE', 'WORKASPACE' ) );
#888 = ORIENTED_EDGE ( 'NONE', *, *, #120, .F. ) ;
#889 = PLANE ( 'NONE',  #418 ) ;
#890 = APPLICATION_CONTEXT ( 'automotive_design' ) ;
#891 = ORIENTED_EDGE ( 'NONE', *, *, #479, .T. ) ;
#892 = DIRECTION ( 'NONE',  ( 1.000000000000000000, -6.255012533570216466E-17, 0.0000000000000000000 ) ) ;
#893 = UNCERTAINTY_MEASURE_WITH_UNIT (LENGTH_MEASURE( 1.000000000000000082E-05 ), #1453, 'distance_accuracy_value', 'NONE');
#894 = CARTESIAN_POINT ( 'NONE',  ( 0.3808809220306975107, 0.8465806903387372850, 1.287623527370688414 ) ) ;
#895 = PRESENTATION_STYLE_ASSIGNMENT (( #1486 ) ) ;
#896 = AXIS2_PLACEMENT_3D ( 'NONE', #1675, #519, #1829 ) ;
#897 = CARTESIAN_POINT ( 'NONE',  ( 0.3183067215355074864, 0.8965806903387378846, 1.357897596813110619 ) ) ;
#898 = VECTOR ( 'NONE', #2054, 1000.000000000000000 ) ;
#899 = FILL_AREA_STYLE_COLOUR ( '', #509 ) ;
#900 = EDGE_CURVE ( 'NONE', #998, #980, #456, .T. ) ;
#901 = FACE_OUTER_BOUND ( 'NONE', #2208, .T. ) ;
#902 = CARTESIAN_POINT ( 'NONE',  ( -0.02057203533424094982, 0.8965806903387381066, 0.7779508003273296612 ) ) ;
#903 = DIRECTION ( 'NONE',  ( -0.0000000000000000000, -0.0000000000000000000, -1.000000000000000000 ) ) ;
#904 = EDGE_CURVE ( 'NONE', #149, #2093, #63, .T. ) ;
#905 = CARTESIAN_POINT ( 'NONE',  ( 0.03231563366839662610, 0.8465806903387378402, 1.138479674687042920 ) ) ;
#906 = DIRECTION ( 'NONE',  ( -1.000000000000000000, -0.0000000000000000000, 0.0000000000000000000 ) ) ;
#907 = CARTESIAN_POINT ( 'NONE',  ( -0.2904384799882973045, 0.8465806903387377291, 1.268557912347523020 ) ) ;
#908 = CARTESIAN_POINT ( 'NONE',  ( 0.5031622092334741003, 0.8965806903387381066, 1.147614947063970492 ) ) ;
#909 = CARTESIAN_POINT ( 'NONE',  ( -0.02087528117885912443, 0.8465806903387376181, 0.8553707467290713184 ) ) ;
#910 = CARTESIAN_POINT ( 'NONE',  ( 0.07433216816691227968, 0.8965806903387381066, 1.215762733281313457 ) ) ;
#911 =( LENGTH_UNIT ( ) NAMED_UNIT ( * ) SI_UNIT ( .MILLI., .METRE. ) );
#912 = DIRECTION ( 'NONE',  ( -0.0000000000000000000, -0.0000000000000000000, -1.000000000000000000 ) ) ;
#913 = LINE ( 'NONE', #729, #74 ) ;
#914 = LINE ( 'NONE', #1301, #150 ) ;
#915 = EDGE_CURVE ( 'NONE', #845, #1546, #802, .T. ) ;
#916 = VECTOR ( 'NONE', #2215, 1000.000000000000000 ) ;
#917 = CARTESIAN_POINT ( 'NONE',  ( -1.661341383892501522, -0.05341930966126216818, 0.0000000000000000000 ) ) ;
#918 = FILL_AREA_STYLE_COLOUR ( '', #963 ) ;
#919 = LINE ( 'NONE', #2021, #463 ) ;
#920 = LINE ( 'NONE', #1838, #1286 ) ;
#921 = VECTOR ( 'NONE', #2122, 1000.000000000000000 ) ;
#922 = MANIFOLD_SOLID_BREP ( 'Boss-Extrude3', #1201 ) ;
#923 = STYLED_ITEM ( 'NONE', ( #2007 ), #1795 ) ;
#924 = CARTESIAN_POINT ( 'NONE',  ( -0.2904384799882972490, 0.8965806903387377735, 1.268557912347523020 ) ) ;
#925 = DIRECTION ( 'NONE',  ( -0.0000000000000000000, -1.000000000000000000, -0.0000000000000000000 ) ) ;
#926 = CARTESIAN_POINT ( 'NONE',  ( 0.001846236143139150720, 0.8965806903387378846, 0.6191464050661656948 ) ) ;
#927 = DIRECTION ( 'NONE',  ( 0.0000000000000000000, -1.000000000000000000, 0.0000000000000000000 ) ) ;
#928 = ORIENTED_EDGE ( 'NONE', *, *, #1970, .F. ) ;
#929 = CARTESIAN_POINT ( 'NONE',  ( 0.0000000000000000000, 0.0000000000000000000, 0.0000000000000000000 ) ) ;
#930 = EDGE_CURVE ( 'NONE', #1611, #2101, #2364, .T. ) ;
#931 = CARTESIAN_POINT ( 'NONE',  ( 0.3396005561696529007, 0.8965806903387377735, 1.293875674025108502 ) ) ;
#932 = CARTESIAN_POINT ( 'NONE',  ( 0.6784484058600913636, 0.8465806903387378402, 0.7216492864801420382 ) ) ;
#933 = CARTESIAN_POINT ( 'NONE',  ( 0.5359051035812240071, 0.8465806903387377291, 0.9886782724339527872 ) ) ;
#934 = LINE ( 'NONE', #386, #1488 ) ;
#935 = DIRECTION ( 'NONE',  ( -0.0000000000000000000, -0.0000000000000000000, -1.000000000000000000 ) ) ;
#936 = VERTEX_POINT ( 'NONE', #338 ) ;
#937 = DIRECTION ( 'NONE',  ( 0.0000000000000000000, 0.0000000000000000000, 1.000000000000000000 ) ) ;
#938 = CARTESIAN_POINT ( 'NONE',  ( 1.438658616107498345, 0.04658069033873783737, 0.05000000000000000278 ) ) ;
#939 = ORIENTED_EDGE ( 'NONE', *, *, #1245, .T. ) ;
#940 = ORIENTED_EDGE ( 'NONE', *, *, #1938, .F. ) ;
#941 = UNCERTAINTY_MEASURE_WITH_UNIT (LENGTH_MEASURE( 1.000000000000000082E-05 ), #173, 'distance_accuracy_value', 'NONE');
#942 = CARTESIAN_POINT ( 'NONE',  ( 0.4405139961077561006, 0.8965806903387381066, 0.4182049344085660425 ) ) ;
#943 = EDGE_CURVE ( 'NONE', #1993, #1834, #1296, .T. ) ;
#944 = CARTESIAN_POINT ( 'NONE',  ( 0.5644093913201546631, 0.8465806903387378402, 0.4168326139311143708 ) ) ;
#945 =( NAMED_UNIT ( * ) SI_UNIT ( $, .STERADIAN. ) SOLID_ANGLE_UNIT ( ) );
#946 = CARTESIAN_POINT ( 'NONE',  ( 0.2554410060466774102, 0.8965806903387375515, 1.350311546398449414 ) ) ;
#947 = CARTESIAN_POINT ( 'NONE',  ( -0.02120771075752800328, 0.8965806903387377735, 0.8360659251680357951 ) ) ;
#948 = ADVANCED_FACE ( 'NONE', ( #885 ), #508, .T. ) ;
#949 = ORIENTED_EDGE ( 'NONE', *, *, #1869, .F. ) ;
#950 = CARTESIAN_POINT ( 'NONE',  ( 0.2924799150344954413, 0.8965806903387379956, 0.3081617611189313988 ) ) ;
#951 = DIRECTION ( 'NONE',  ( -0.0000000000000000000, -1.000000000000000000, -0.0000000000000000000 ) ) ;
#952 = DIRECTION ( 'NONE',  ( -0.0000000000000000000, 0.0000000000000000000, 1.000000000000000000 ) ) ;
#953 = LINE ( 'NONE', #719, #2124 ) ;
#954 = ORIENTED_EDGE ( 'NONE', *, *, #749, .F. ) ;
#955 = FILL_AREA_STYLE ('',( #43 ) ) ;
#956 = EDGE_LOOP ( 'NONE', ( #782, #1072, #19, #1920, #891, #1999, #1194, #682 ) ) ;
#957 = LINE ( 'NONE', #1739, #1614 ) ;
#958 = CARTESIAN_POINT ( 'NONE',  ( 0.5359051035812240071, 0.8965806903387378846, 0.9886782724339527872 ) ) ;
#959 = CARTESIAN_POINT ( 'NONE',  ( 0.5079887791844147626, 0.8465806903387377291, 0.3626862628923750997 ) ) ;
#960 = DIRECTION ( 'NONE',  ( 0.0000000000000000000, 0.0000000000000000000, -1.000000000000000000 ) ) ;
#961 = DIRECTION ( 'NONE',  ( -0.0000000000000000000, -1.000000000000000000, -0.0000000000000000000 ) ) ;
#962 = CARTESIAN_POINT ( 'NONE',  ( 0.1263255140722820413, 0.8965806903387377735, 1.278357971967319706 ) ) ;
#963 = COLOUR_RGB ( '',0.0000000000000000000, 0.0000000000000000000, 0.0000000000000000000 ) ;
#964 = ORIENTED_EDGE ( 'NONE', *, *, #296, .F. ) ;
#965 = CARTESIAN_POINT ( 'NONE',  ( 0.03166464223067567280, 0.8465806903387376181, 0.5286002946581609407 ) ) ;
#966 = MECHANICAL_DESIGN_GEOMETRIC_PRESENTATION_REPRESENTATION (  '', ( #1682 ), #271 ) ;
#967 = FILL_AREA_STYLE_COLOUR ( '', #1843 ) ;
#968 = CARTESIAN_POINT ( 'NONE',  ( 0.3066502741312885916, 0.8965806903387381066, 0.3719997215772927190 ) ) ;
#969 =( GEOMETRIC_REPRESENTATION_CONTEXT ( 3 ) GLOBAL_UNCERTAINTY_ASSIGNED_CONTEXT ( ( #1175 ) ) GLOBAL_UNIT_ASSIGNED_CONTEXT ( ( #1141, #20, #87 ) ) REPRESENTATION_CONTEXT ( 'NONE', 'WORKASPACE' ) );
#970 = VECTOR ( 'NONE', #1824, 1000.000000000000000 ) ;
#971 = ORIENTED_EDGE ( 'NONE', *, *, #25, .T. ) ;
#972 = CARTESIAN_POINT ( 'NONE',  ( 0.6308628849060378130, 0.8465806903387373961, 0.5285981189078154951 ) ) ;
#973 = VECTOR ( 'NONE', #2335, 1000.000000000000000 ) ;
#974 =( NAMED_UNIT ( * ) PLANE_ANGLE_UNIT ( ) SI_UNIT ( $, .RADIAN. ) );
#975 = CARTESIAN_POINT ( 'NONE',  ( 0.4768142039204912863, 0.8965806903387375515, 1.205645283037241944 ) ) ;
#976 = CARTESIAN_POINT ( 'NONE',  ( -0.4571051466549639897, 0.8465806903387377291, 0.3326604764500871170 ) ) ;
#977 = FILL_AREA_STYLE_COLOUR ( '', #2322 ) ;
#978 = FILL_AREA_STYLE ('',( #235 ) ) ;
#979 = FILL_AREA_STYLE ('',( #596 ) ) ;
#980 = VERTEX_POINT ( 'NONE', #1284 ) ;
#981 =( NAMED_UNIT ( * ) SI_UNIT ( $, .STERADIAN. ) SOLID_ANGLE_UNIT ( ) );
#982 = B_SPLINE_SURFACE_WITH_KNOTS ( 'NONE', 3, 1, ( 
 ( #2397, #1281 ),
 ( #1306, #2246 ),
 ( #1096, #2409 ),
 ( #1861, #894 ),
 ( #6, #2222 ),
 ( #707, #539 ),
 ( #2071, #2052 ),
 ( #162, #716 ),
 ( #1292, #175 ),
 ( #2429, #1464 ),
 ( #908, #733 ),
 ( #1885, #2234 ),
 ( #1485, #528 ),
 ( #1672, #193 ),
 ( #725, #933 ),
 ( #559, #1475 ),
 ( #1497, #548 ),
 ( #2444, #1317 ),
 ( #2060, #359 ) ),
 .UNSPECIFIED., .F., .F., .F.,
 ( 4, 1, 1, 1, 1, 1, 1, 1, 1, 1, 1, 1, 1, 1, 1, 1, 4 ),
 ( 2, 2 ),
 ( 0.0000000000000000000, 0.04616070137296099385, 0.09006766461479569219, 0.1331543574901418725, 0.1762543567134375322, 0.2208195326446714402, 0.2675985801178357160, 0.3177940556090190216, 0.3720777204111761494, 0.4310075855886391638, 0.4950202718018352765, 0.5643730330794737293, 0.6394363648343819317, 0.7204183646391266738, 0.8071290655413041470, 0.9003959214568428848, 1.000000000000000000 ),
 ( 0.0000000000000000000, 1.000000000000000000 ),
 .UNSPECIFIED. ) ;
#983 = CARTESIAN_POINT ( 'NONE',  ( 0.6472652036789267038, 0.8965806903387377735, 1.095277861705629130 ) ) ;
#984 = PRESENTATION_STYLE_ASSIGNMENT (( #1716 ) ) ;
#985 = VECTOR ( 'NONE', #1605, 1000.000000000000000 ) ;
#986 = CARTESIAN_POINT ( 'NONE',  ( -0.2904384799882972490, 0.8965806903387377735, 1.332660476450087117 ) ) ;
#987 = ADVANCED_FACE ( 'NONE', ( #1271 ), #1467, .F. ) ;
#988 = VERTEX_POINT ( 'NONE', #736 ) ;
#989 =( NAMED_UNIT ( * ) PLANE_ANGLE_UNIT ( ) SI_UNIT ( $, .RADIAN. ) );
#990 = FACE_OUTER_BOUND ( 'NONE', #2, .T. ) ;
#991 = PRESENTATION_LAYER_ASSIGNMENT (  '', '', ( #675 ) ) ;
#992 = CARTESIAN_POINT ( 'NONE',  ( 0.5354832799904288843, 0.8965806903387381066, 0.6823150881078228203 ) ) ;
#993 = PRESENTATION_STYLE_ASSIGNMENT (( #408 ) ) ;
#994 = CARTESIAN_POINT ( 'NONE',  ( 0.2833192048851366773, 0.8465806903387371740, 0.3781574629452920666 ) ) ;
#995 = ORIENTED_EDGE ( 'NONE', *, *, #511, .T. ) ;
#996 = CARTESIAN_POINT ( 'NONE',  ( 0.2549304738386823366, 0.8465806903387376181, 0.3152505073479829889 ) ) ;
#997 = CARTESIAN_POINT ( 'NONE',  ( 0.3313563918065747238, 0.8965806903387377735, 1.358301502091112667 ) ) ;
#998 = VERTEX_POINT ( 'NONE', #36 ) ;
#999 = CARTESIAN_POINT ( 'NONE',  ( 0.5075846655556109921, 0.8965806903387378846, 1.303051706069031646 ) ) ;
#1000 = SURFACE_STYLE_USAGE ( .BOTH. , #396 ) ;
#1001 = CARTESIAN_POINT ( 'NONE',  ( 0.2614129344421012302, 0.8965806903387379956, 0.3876482544628411242 ) ) ;
#1002 = ORIENTED_EDGE ( 'NONE', *, *, #1612, .F. ) ;
#1003 = CARTESIAN_POINT ( 'NONE',  ( 0.07342574961260157906, 0.8965806903387379956, 0.4505252793154810309 ) ) ;
#1004 = CARTESIAN_POINT ( 'NONE',  ( 0.5031622092334741003, 0.8465806903387380622, 1.147614947063970492 ) ) ;
#1005 = CARTESIAN_POINT ( 'NONE',  ( 0.1199677017932577056, 0.8465806903387377291, 0.8516931951085791042 ) ) ;
#1006 = CARTESIAN_POINT ( 'NONE',  ( 0.6832972425487660040, 0.8465806903387378402, 0.8925820726460145238 ) ) ;
#1007 =( GEOMETRIC_REPRESENTATION_CONTEXT ( 3 ) GLOBAL_UNCERTAINTY_ASSIGNED_CONTEXT ( ( #536 ) ) GLOBAL_UNIT_ASSIGNED_CONTEXT ( ( #1549, #1724, #2295 ) ) REPRESENTATION_CONTEXT ( 'NONE', 'WORKASPACE' ) );
#1008 = COLOUR_RGB ( '',0.0000000000000000000, 0.0000000000000000000, 0.0000000000000000000 ) ;
#1009 = ORIENTED_EDGE ( 'NONE', *, *, #749, .T. ) ;
#1010 = CARTESIAN_POINT ( 'NONE',  ( 0.5367922526121414739, 0.8465806903387375071, 1.278360570249804873 ) ) ;
#1011 = COLOUR_RGB ( '',0.0000000000000000000, 0.0000000000000000000, 0.0000000000000000000 ) ;
#1012 = MECHANICAL_DESIGN_GEOMETRIC_PRESENTATION_REPRESENTATION (  '', ( #1049 ), #887 ) ;
#1013 = LINE ( 'NONE', #273, #2324 ) ;
#1014 = ADVANCED_FACE ( 'NONE', ( #1703 ), #1953, .T. ) ;
#1015 = ORIENTED_EDGE ( 'NONE', *, *, #2229, .T. ) ;
#1016 = EDGE_CURVE ( 'NONE', #1591, #1892, #2227, .T. ) ;
#1017 = CARTESIAN_POINT ( 'NONE',  ( 0.4429527811130244408, 0.8965806903387378846, 1.339053783849196710 ) ) ;
#1018 = CARTESIAN_POINT ( 'NONE',  ( 0.8886586161074985224, 0.9465806903387378179, 0.0000000000000000000 ) ) ;
#1019 = CARTESIAN_POINT ( 'NONE',  ( 0.1856948834272489357, 0.8465806903387376181, 1.205646221942110463 ) ) ;
#1020 = B_SPLINE_CURVE_WITH_KNOTS ( 'NONE', 3,
 ( #288, #850, #1006, #1033, #1206, #253, #279, #1773, #80, #825, #1595, #2352, #647, #1408, #1421, #2179, #484, #2167, #415 ),
 .UNSPECIFIED., .F., .F.,
 ( 4, 1, 1, 1, 1, 1, 1, 1, 1, 1, 1, 1, 1, 1, 1, 1, 4 ),
 ( 0.0000000000000000000, 0.08247158165897713888, 0.1606442799617366912, 0.2353075159008397865, 0.3065726649561282269, 0.3746800447575275861, 0.4400997714137500627, 0.5034193758900471494, 0.5649029189134640028, 0.6242083336919298509, 0.6803253913082745186, 0.7341996738354323870, 0.7866416333513835957, 0.8385288818396793298, 0.8907669965764920539, 0.9444729826044250265, 0.9999999999999998890 ),
 .UNSPECIFIED. ) ;
#1021 = B_SPLINE_CURVE_WITH_KNOTS ( 'NONE', 3,
 ( #584, #1925, #1344, #2097, #1726, #33, #1538, #234, #1436, #1617, #830, #1957, #2185, #1814, #1600, #121, #667, #2147, #1035 ),
 .UNSPECIFIED., .F., .F.,
 ( 4, 1, 1, 1, 1, 1, 1, 1, 1, 1, 1, 1, 1, 1, 1, 1, 4 ),
 ( 0.0000000000000000000, 0.04394642468398247959, 0.08655239831342162460, 0.1288650634349590707, 0.1720128132235559382, 0.2175400695654610694, 0.2659749505857450513, 0.3181885396111313602, 0.3752275012095910300, 0.4364671924888988142, 0.5021325667774801937, 0.5721844474234809574, 0.6474365254522794766, 0.7275568027565406659, 0.8127051171671709762, 0.9037128461661587675, 1.000000000000000000 ),
 .UNSPECIFIED. ) ;
#1022 = ORIENTED_EDGE ( 'NONE', *, *, #2415, .T. ) ;
#1023 = CARTESIAN_POINT ( 'NONE',  ( 0.6832972425487660040, 0.8965806903387378846, 0.8925820726460145238 ) ) ;
#1024 = CARTESIAN_POINT ( 'NONE',  ( 0.2814222983120056587, 0.8965806903387377735, 1.287630207599325782 ) ) ;
#1025 = FACE_OUTER_BOUND ( 'NONE', #420, .T. ) ;
#1026 = CARTESIAN_POINT ( 'NONE',  ( 0.01521486992033502933, 0.8465806903387377291, 0.5723046296052711757 ) ) ;
#1027 = EDGE_CURVE ( 'NONE', #1411, #781, #1091, .T. ) ;
#1028 = ORIENTED_EDGE ( 'NONE', *, *, #2417, .F. ) ;
#1029 = CARTESIAN_POINT ( 'NONE',  ( 0.1614147458365937093, 0.8965806903387378846, 0.5238052012830699544 ) ) ;
#1030 = CARTESIAN_POINT ( 'NONE',  ( -0.5981307876806049029, 0.8965806903387377735, 1.268557912347523020 ) ) ;
#1031 = CARTESIAN_POINT ( 'NONE',  ( 0.8886586161074985224, 0.9465806903387378179, 1.649999999999999911 ) ) ;
#1032 = CARTESIAN_POINT ( 'NONE',  ( 0.1198179302681131181, 0.8465806903387378402, 0.8330611174757280857 ) ) ;
#1033 = CARTESIAN_POINT ( 'NONE',  ( 0.6784258812980514808, 0.8465806903387377291, 0.9476750197717884738 ) ) ;
#1034 = EDGE_LOOP ( 'NONE', ( #1432, #430, #1819, #212 ) ) ;
#1035 = CARTESIAN_POINT ( 'NONE',  ( 0.1198179302681131181, 0.8465806903387378402, 0.8330611174757280857 ) ) ;
#1036 = ORIENTED_EDGE ( 'NONE', *, *, #1215, .T. ) ;
#1037 = CARTESIAN_POINT ( 'NONE',  ( -1.561341383892501433, 0.04658069033873783737, 1.600000000000000089 ) ) ;
#1038 =( NAMED_UNIT ( * ) PLANE_ANGLE_UNIT ( ) SI_UNIT ( $, .RADIAN. ) );
#1039 = FACE_OUTER_BOUND ( 'NONE', #799, .T. ) ;
#1040 = CARTESIAN_POINT ( 'NONE',  ( 0.2188871088267118625, 0.8465806903387378402, 1.249236831716195484 ) ) ;
#1041 = EDGE_CURVE ( 'NONE', #805, #1238, #2389, .T. ) ;
#1042 = CARTESIAN_POINT ( 'NONE',  ( 0.1272013740080422672, 0.8965806903387377735, 0.6823095902090567932 ) ) ;
#1043 = ORIENTED_EDGE ( 'NONE', *, *, #258, .F. ) ;
#1044 = PRESENTATION_LAYER_ASSIGNMENT (  '', '', ( #1805 ) ) ;
#1045 = CARTESIAN_POINT ( 'NONE',  ( 0.002030564244287241804, 0.8965806903387377735, 1.049141407928913416 ) ) ;
#1046 = CARTESIAN_POINT ( 'NONE',  ( 0.1202577157608827191, 0.8965806903387375515, 0.8877719006848557859 ) ) ;
#1047 = MECHANICAL_DESIGN_GEOMETRIC_PRESENTATION_REPRESENTATION (  '', ( #184 ), #2363 ) ;
#1048 = DIRECTION ( 'NONE',  ( 1.668003342285392044E-16, 1.000000000000000000, -0.0000000000000000000 ) ) ;
#1049 = STYLED_ITEM ( 'NONE', ( #1788 ), #2055 ) ;
#1050 = ORIENTED_EDGE ( 'NONE', *, *, #1360, .T. ) ;
#1051 = CARTESIAN_POINT ( 'NONE',  ( 0.1225911524070729813, 0.8465806903387382842, 0.9400338174939871783 ) ) ;
#1052 = CARTESIAN_POINT ( 'NONE',  ( 0.6609357817672262270, 0.8965806903387377735, 0.6189039526257107404 ) ) ;
#1053 = ORIENTED_EDGE ( 'NONE', *, *, #1323, .T. ) ;
#1054 = DIRECTION ( 'NONE',  ( 1.000000000000000000, 0.0000000000000000000, 0.0000000000000000000 ) ) ;
#1055 = ORIENTED_EDGE ( 'NONE', *, *, #220, .F. ) ;
#1056 = ADVANCED_FACE ( 'NONE', ( #901 ), #1166, .F. ) ;
#1057 = CARTESIAN_POINT ( 'NONE',  ( 0.1488145049828982214, 0.8965806903387377735, 1.113228321282204059 ) ) ;
#1058 = ADVANCED_FACE ( 'NONE', ( #562 ), #1692, .T. ) ;
#1059 = ORIENTED_EDGE ( 'NONE', *, *, #668, .T. ) ;
#1060 = CARTESIAN_POINT ( 'NONE',  ( -0.7647974543472716435, 0.8965806903387377735, 1.332660476450087117 ) ) ;
#1061 = CARTESIAN_POINT ( 'NONE',  ( -0.008227623860773974548, 0.8465806903387377291, 1.000008058639286324 ) ) ;
#1062 = DIRECTION ( 'NONE',  ( 1.000000000000000000, 0.0000000000000000000, -0.0000000000000000000 ) ) ;
#1063 = PRESENTATION_STYLE_ASSIGNMENT (( #1839 ) ) ;
#1064 = DIRECTION ( 'NONE',  ( -0.0000000000000000000, -0.0000000000000000000, -1.000000000000000000 ) ) ;
#1065 = ORIENTED_EDGE ( 'NONE', *, *, #575, .F. ) ;
#1066 = SURFACE_SIDE_STYLE ('',( #72 ) ) ;
#1067 = LINE ( 'NONE', #917, #1775 ) ;
#1068 = CARTESIAN_POINT ( 'NONE',  ( 0.2614129344421012302, 0.8465806903387370630, 0.3876482544628411242 ) ) ;
#1069 = ORIENTED_EDGE ( 'NONE', *, *, #1323, .F. ) ;
#1070 = CARTESIAN_POINT ( 'NONE',  ( 1.438658616107498345, 0.8465806903387377291, 0.05000000000000000278 ) ) ;
#1071 = DIRECTION ( 'NONE',  ( 0.0000000000000000000, 1.000000000000000000, 0.0000000000000000000 ) ) ;
#1072 = ORIENTED_EDGE ( 'NONE', *, *, #477, .T. ) ;
#1073 =( LENGTH_UNIT ( ) NAMED_UNIT ( * ) SI_UNIT ( .MILLI., .METRE. ) );
#1074 = LINE ( 'NONE', #1444, #1567 ) ;
#1075 = ORIENTED_EDGE ( 'NONE', *, *, #350, .F. ) ;
#1076 = CARTESIAN_POINT ( 'NONE',  ( 0.1198179302681131181, 0.8965806903387377735, 0.8330611174757280857 ) ) ;
#1077 = EDGE_CURVE ( 'NONE', #1451, #2281, #1734, .T. ) ;
#1078 = VECTOR ( 'NONE', #1903, 1000.000000000000000 ) ;
#1079 = VECTOR ( 'NONE', #2285, 1000.000000000000000 ) ;
#1080 = PRESENTATION_LAYER_ASSIGNMENT (  '', '', ( #654 ) ) ;
#1081 = EDGE_CURVE ( 'NONE', #2333, #1597, #612, .T. ) ;
#1082 = CARTESIAN_POINT ( 'NONE',  ( 1.438658616107498345, 0.8465806903387377291, 0.05000000000000000278 ) ) ;
#1083 = DIRECTION ( 'NONE',  ( -1.000000000000000000, 0.0000000000000000000, 0.0000000000000000000 ) ) ;
#1084 = CARTESIAN_POINT ( 'NONE',  ( -0.02087528117885912443, 0.8965806903387376625, 0.8553707467290713184 ) ) ;
#1085 = VECTOR ( 'NONE', #334, 1000.000000000000000 ) ;
#1086 =( LENGTH_UNIT ( ) NAMED_UNIT ( * ) SI_UNIT ( .MILLI., .METRE. ) );
#1087 = EDGE_CURVE ( 'NONE', #1443, #1646, #764, .T. ) ;
#1088 = COLOUR_RGB ( '',0.0000000000000000000, 0.0000000000000000000, 0.0000000000000000000 ) ;
#1089 = LINE ( 'NONE', #1037, #499 ) ;
#1090 = DIRECTION ( 'NONE',  ( -0.0000000000000000000, -0.0000000000000000000, -1.000000000000000000 ) ) ;
#1091 = LINE ( 'NONE', #1855, #763 ) ;
#1092 = LINE ( 'NONE', #1470, #804 ) ;
#1093 = CARTESIAN_POINT ( 'NONE',  ( 1.438658616107498567, 0.8465806903387377291, 1.600000000000000089 ) ) ;
#1094 = UNCERTAINTY_MEASURE_WITH_UNIT (LENGTH_MEASURE( 1.000000000000000082E-05 ), #433, 'distance_accuracy_value', 'NONE');
#1095 = CARTESIAN_POINT ( 'NONE',  ( 0.6114006715304658446, 0.8465806903387378402, 0.4879417978907938380 ) ) ;
#1096 = CARTESIAN_POINT ( 'NONE',  ( 0.3564680952072517561, 0.8965806903387381066, 1.293244929054274239 ) ) ;
#1097 =( NAMED_UNIT ( * ) SI_UNIT ( $, .STERADIAN. ) SOLID_ANGLE_UNIT ( ) );
#1098 = CARTESIAN_POINT ( 'NONE',  ( -1.011341383892501833, 0.8465806903387377291, 1.649999999999999911 ) ) ;
#1099 = CARTESIAN_POINT ( 'NONE',  ( -1.561341383892501655, 0.8465806903387377291, 0.05000000000000000278 ) ) ;
#1100 = CARTESIAN_POINT ( 'NONE',  ( 0.07342574961260157906, 0.8965806903387379956, 0.4505252793154810309 ) ) ;
#1101 = CARTESIAN_POINT ( 'NONE',  ( -1.561341383892501655, 0.04658069033873783737, 0.05000000000000000278 ) ) ;
#1102 = EDGE_LOOP ( 'NONE', ( #1901, #187, #494, #1777, #266, #1912, #928, #503 ) ) ;
#1103 = CARTESIAN_POINT ( 'NONE',  ( 0.5428948533450362879, 0.8965806903387377735, 0.8330611174757280857 ) ) ;
#1104 = SURFACE_STYLE_USAGE ( .BOTH. , #2059 ) ;
#1105 = PLANE ( 'NONE',  #537 ) ;
#1106 = SURFACE_STYLE_USAGE ( .BOTH. , #1686 ) ;
#1107 = LINE ( 'NONE', #1872, #232 ) ;
#1108 = DIRECTION ( 'NONE',  ( -1.000000000000000000, -0.0000000000000000000, -0.0000000000000000000 ) ) ;
#1109 = LINE ( 'NONE', #2399, #916 ) ;
#1110 = CARTESIAN_POINT ( 'NONE',  ( 0.05166501268848828349, 0.8965806903387376625, 1.178856549315980828 ) ) ;
#1111 = CARTESIAN_POINT ( 'NONE',  ( 0.3700723465337026341, 0.8465806903387377291, 1.357072654835242531 ) ) ;
#1112 = DIRECTION ( 'NONE',  ( -0.0000000000000000000, 1.000000000000000000, 0.0000000000000000000 ) ) ;
#1113 = EDGE_CURVE ( 'NONE', #1238, #1546, #1335, .T. ) ;
#1114 = EDGE_LOOP ( 'NONE', ( #995, #321, #2439, #1987, #1830, #650, #513, #2413 ) ) ;
#1115 = UNCERTAINTY_MEASURE_WITH_UNIT (LENGTH_MEASURE( 1.000000000000000082E-05 ), #2073, 'distance_accuracy_value', 'NONE');
#1116 = VECTOR ( 'NONE', #1699, 1000.000000000000000 ) ;
#1117 = SURFACE_STYLE_FILL_AREA ( #1897 ) ;
#1118 = DIRECTION ( 'NONE',  ( 1.000000000000000000, 0.0000000000000000000, -0.0000000000000000000 ) ) ;
#1119 = LINE ( 'NONE', #2099, #1404 ) ;
#1120 = DIRECTION ( 'NONE',  ( 0.0000000000000000000, -0.0000000000000000000, 1.000000000000000000 ) ) ;
#1121 = FILL_AREA_STYLE ('',( #2125 ) ) ;
#1122 = MECHANICAL_DESIGN_GEOMETRIC_PRESENTATION_REPRESENTATION (  '', ( #881 ), #2121 ) ;
#1123 = AXIS2_PLACEMENT_3D ( 'NONE', #1310, #1112, #1877 ) ;
#1124 = VECTOR ( 'NONE', #366, 1000.000000000000000 ) ;
#1125 = PLANE ( 'NONE',  #1297 ) ;
#1126 = SURFACE_SIDE_STYLE ('',( #2269 ) ) ;
#1127 = CARTESIAN_POINT ( 'NONE',  ( 0.0000000000000000000, 0.8465806903387377291, 0.0000000000000000000 ) ) ;
#1128 = FACE_OUTER_BOUND ( 'NONE', #1790, .T. ) ;
#1129 = ADVANCED_FACE ( 'NONE', ( #780 ), #1543, .F. ) ;
#1130 = ORIENTED_EDGE ( 'NONE', *, *, #623, .F. ) ;
#1131 = ORIENTED_EDGE ( 'NONE', *, *, #683, .F. ) ;
#1132 = PLANE ( 'NONE',  #842 ) ;
#1133 = EDGE_CURVE ( 'NONE', #586, #238, #574, .T. ) ;
#1134 = CARTESIAN_POINT ( 'NONE',  ( 0.4740999071874389958, 0.8965806903387379956, 0.4637072580584614689 ) ) ;
#1135 = CARTESIAN_POINT ( 'NONE',  ( 0.6839204943706771456, 0.8465806903387376181, 0.8354649636295743420 ) ) ;
#1136 = PRESENTATION_STYLE_ASSIGNMENT (( #1000 ) ) ;
#1137 =( NAMED_UNIT ( * ) SI_UNIT ( $, .STERADIAN. ) SOLID_ANGLE_UNIT ( ) );
#1138 = FACE_OUTER_BOUND ( 'NONE', #1202, .T. ) ;
#1139 = CARTESIAN_POINT ( 'NONE',  ( 0.3313563918065747238, 0.8965806903387377735, 1.358301502091112667 ) ) ;
#1140 = ORIENTED_EDGE ( 'NONE', *, *, #2327, .T. ) ;
#1141 =( LENGTH_UNIT ( ) NAMED_UNIT ( * ) SI_UNIT ( .MILLI., .METRE. ) );
#1142 = PLANE ( 'NONE',  #1847 ) ;
#1143 = CARTESIAN_POINT ( 'NONE',  ( 0.1405552782261878519, 0.8465806903387369520, 0.5967208525393076224 ) ) ;
#1144 = ORIENTED_EDGE ( 'NONE', *, *, #2232, .T. ) ;
#1145 = CARTESIAN_POINT ( 'NONE',  ( 0.5371879905278803546, 0.8965806903387376625, 0.3875744397055894686 ) ) ;
#1146 = LINE ( 'NONE', #2294, #1295 ) ;
#1147 = CARTESIAN_POINT ( 'NONE',  ( 0.3313563918065747238, 0.8465806903387378402, 0.3070194508090614560 ) ) ;
#1148 = CARTESIAN_POINT ( 'NONE',  ( 0.3313563918065747238, 0.8965806903387377735, 0.3070194508090614560 ) ) ;
#1149 = EDGE_CURVE ( 'NONE', #59, #980, #1402, .T. ) ;
#1150 = CARTESIAN_POINT ( 'NONE',  ( 0.2201597447519695605, 0.8465806903387379512, 1.339058741027655985 ) ) ;
#1151 = ORIENTED_EDGE ( 'NONE', *, *, #636, .F. ) ;
#1152 = CARTESIAN_POINT ( 'NONE',  ( 0.4580553810373481638, 0.8965806903387376625, 0.4390837382295436075 ) ) ;
#1153 = CARTESIAN_POINT ( 'NONE',  ( 0.1859272762817627267, 0.8965806903387376625, 0.3422699313366581175 ) ) ;
#1154 = ORIENTED_EDGE ( 'NONE', *, *, #9, .F. ) ;
#1155 = CARTESIAN_POINT ( 'NONE',  ( 0.4767538886687614497, 0.8465806903387373961, 0.3422140571222144767 ) ) ;
#1156 = VERTEX_POINT ( 'NONE', #1370 ) ;
#1157 = SURFACE_SIDE_STYLE ('',( #1355 ) ) ;
#1158 = CARTESIAN_POINT ( 'NONE',  ( 0.5354832799904288843, 0.8465806903387376181, 0.6823150881078228203 ) ) ;
#1159 = FACE_OUTER_BOUND ( 'NONE', #474, .T. ) ;
#1160 = PLANE ( 'NONE',  #1765 ) ;
#1161 = VECTOR ( 'NONE', #158, 1000.000000000000000 ) ;
#1162 = ADVANCED_FACE ( 'NONE', ( #1025 ), #2248, .T. ) ;
#1163 = VERTEX_POINT ( 'NONE', #1955 ) ;
#1164 = DIRECTION ( 'NONE',  ( 0.0000000000000000000, -1.000000000000000000, 0.0000000000000000000 ) ) ;
#1165 = AXIS2_PLACEMENT_3D ( 'NONE', #1524, #2100, #206 ) ;
#1166 = PLANE ( 'NONE',  #1208 ) ;
#1167 = EDGE_CURVE ( 'NONE', #2140, #988, #267, .T. ) ;
#1168 = LINE ( 'NONE', #302, #147 ) ;
#1169 = VECTOR ( 'NONE', #2217, 1000.000000000000000 ) ;
#1170 = AXIS2_PLACEMENT_3D ( 'NONE', #829, #2025, #1273 ) ;
#1171 =( GEOMETRIC_REPRESENTATION_CONTEXT ( 3 ) GLOBAL_UNCERTAINTY_ASSIGNED_CONTEXT ( ( #893 ) ) GLOBAL_UNIT_ASSIGNED_CONTEXT ( ( #1453, #1038, #1220 ) ) REPRESENTATION_CONTEXT ( 'NONE', 'WORKASPACE' ) );
#1172 = EDGE_LOOP ( 'NONE', ( #1833, #954, #170, #770 ) ) ;
#1173 = CARTESIAN_POINT ( 'NONE',  ( 0.8886586161074984114, 0.8465806903387377291, 1.649999999999999911 ) ) ;
#1174 = CARTESIAN_POINT ( 'NONE',  ( 1.538658616107497989, -0.05341930966126209879, 1.649999999999999911 ) ) ;
#1175 = UNCERTAINTY_MEASURE_WITH_UNIT (LENGTH_MEASURE( 1.000000000000000082E-05 ), #1141, 'distance_accuracy_value', 'NONE');
#1176 = CARTESIAN_POINT ( 'NONE',  ( 0.5425040321663984200, 0.8465806903387377291, 0.7803474981218917472 ) ) ;
#1177 = CARTESIAN_POINT ( 'NONE',  ( 0.3313563918065747238, 0.8965806903387377735, 0.3070194508090614560 ) ) ;
#1178 =( LENGTH_UNIT ( ) NAMED_UNIT ( * ) SI_UNIT ( .MILLI., .METRE. ) );
#1179 = VERTEX_POINT ( 'NONE', #1706 ) ;
#1180 = CARTESIAN_POINT ( 'NONE',  ( -0.008495782796795489297, 0.8465806903387377291, 0.6690393877774629683 ) ) ;
#1181 = CARTESIAN_POINT ( 'NONE',  ( 0.5888301422782161731, 0.8965806903387379956, 1.215830793040586055 ) ) ;
#1182 = DIRECTION ( 'NONE',  ( 1.000000000000000000, 0.0000000000000000000, 0.0000000000000000000 ) ) ;
#1183 = DIRECTION ( 'NONE',  ( 1.000000000000000000, 0.0000000000000000000, -0.0000000000000000000 ) ) ;
#1184 = ORIENTED_EDGE ( 'NONE', *, *, #2202, .T. ) ;
#1185 = CARTESIAN_POINT ( 'NONE',  ( 0.6837065680587041117, 0.8965806903387376625, 0.8158228639580513697 ) ) ;
#1186 = ORIENTED_EDGE ( 'NONE', *, *, #2289, .T. ) ;
#1187 = CARTESIAN_POINT ( 'NONE',  ( 0.5888301422782161731, 0.8465806903387378402, 1.215830793040586055 ) ) ;
#1188 = CARTESIAN_POINT ( 'NONE',  ( -0.4571051466549639897, 0.8965806903387377735, 0.3326604764500871170 ) ) ;
#1189 = SURFACE_STYLE_FILL_AREA ( #1385 ) ;
#1190 =( NAMED_UNIT ( * ) SI_UNIT ( $, .STERADIAN. ) SOLID_ANGLE_UNIT ( ) );
#1191 = CARTESIAN_POINT ( 'NONE',  ( 0.8886586161074986334, 0.04658069033873783737, 1.649999999999999911 ) ) ;
#1192 = CARTESIAN_POINT ( 'NONE',  ( -1.011341383892501833, 0.8465806903387377291, 1.649999999999999911 ) ) ;
#1193 = ADVANCED_FACE ( 'NONE', ( #12 ), #754, .T. ) ;
#1194 = ORIENTED_EDGE ( 'NONE', *, *, #1245, .F. ) ;
#1195 = CARTESIAN_POINT ( 'NONE',  ( 0.6839204943706771456, 0.8465806903387376181, 0.8354649636295743420 ) ) ;
#1196 = FILL_AREA_STYLE ('',( #2356 ) ) ;
#1197 = CARTESIAN_POINT ( 'NONE',  ( 0.2379890155351834513, 0.8965806903387377735, 1.265723486027461986 ) ) ;
#1198 = PRODUCT_DEFINITION_SHAPE ( 'NONE', 'NONE',  #534 ) ;
#1199 = DIRECTION ( 'NONE',  ( -1.000000000000000000, 1.668003342285392044E-16, 0.0000000000000000000 ) ) ;
#1200 = COLOUR_RGB ( '',0.0000000000000000000, 0.0000000000000000000, 0.0000000000000000000 ) ;
#1201 = CLOSED_SHELL ( 'NONE', ( #713, #987, #741, #1615, #41, #734, #1766, #188, #2219, #2343, #794, #1308, #38, #1796, #702, #2016, #462, #866, #270, #649, #1056, #2292, #1058, #2094, #1129, #2306, #1629, #2017, #1427, #1795, #1933, #948, #2001, #2383, #1712, #1400, #148, #1193, #1279, #1639, #838, #1956, #2055, #1162, #1499, #1014, #1532, #1578, #1339, #1495, #2260 ) ) ;
#1202 = EDGE_LOOP ( 'NONE', ( #1893, #1659, #292, #313, #602, #1445 ) ) ;
#1203 = SURFACE_STYLE_USAGE ( .BOTH. , #453 ) ;
#1204 = CARTESIAN_POINT ( 'NONE',  ( 0.6832972425487660040, 0.8965806903387378846, 0.8925820726460145238 ) ) ;
#1205 = FACE_BOUND ( 'NONE', #2355, .T. ) ;
#1206 = CARTESIAN_POINT ( 'NONE',  ( 0.6713072439638648747, 0.8465806903387376181, 0.9998585474702639253 ) ) ;
#1207 = DIRECTION ( 'NONE',  ( 0.0000000000000000000, 0.0000000000000000000, -1.000000000000000000 ) ) ;
#1208 = AXIS2_PLACEMENT_3D ( 'NONE', #252, #2075, #1915 ) ;
#1209 = EDGE_CURVE ( 'NONE', #1564, #207, #15, .T. ) ;
#1210 = MECHANICAL_DESIGN_GEOMETRIC_PRESENTATION_REPRESENTATION (  '', ( #2404 ), #1252 ) ;
#1211 = ORIENTED_EDGE ( 'NONE', *, *, #397, .T. ) ;
#1212 = CARTESIAN_POINT ( 'NONE',  ( 0.5639918821587639464, 0.8965806903387375515, 1.249237408889732670 ) ) ;
#1213 = VECTOR ( 'NONE', #1302, 1000.000000000000000 ) ;
#1214 = COLOUR_RGB ( '',0.0000000000000000000, 0.0000000000000000000, 0.0000000000000000000 ) ;
#1215 = EDGE_CURVE ( 'NONE', #1257, #332, #758, .T. ) ;
#1216 = AXIS2_PLACEMENT_3D ( 'NONE', #2235, #2064, #937 ) ;
#1217 = CARTESIAN_POINT ( 'NONE',  ( -0.02120771075752800328, 0.8465806903387377291, 0.8360659251680357951 ) ) ;
#1218 = EDGE_CURVE ( 'NONE', #255, #692, #2245, .T. ) ;
#1219 = ORIENTED_EDGE ( 'NONE', *, *, #93, .T. ) ;
#1220 =( NAMED_UNIT ( * ) SI_UNIT ( $, .STERADIAN. ) SOLID_ANGLE_UNIT ( ) );
#1221 = CARTESIAN_POINT ( 'NONE',  ( 0.6784484058600913636, 0.8965806903387378846, 0.7216492864801420382 ) ) ;
#1222 = CARTESIAN_POINT ( 'NONE',  ( 1.438658616107498567, 0.8465806903387377291, 1.600000000000000089 ) ) ;
#1223 = ORIENTED_EDGE ( 'NONE', *, *, #73, .F. ) ;
#1224 = ORIENTED_EDGE ( 'NONE', *, *, #1133, .T. ) ;
#1225 = ORIENTED_EDGE ( 'NONE', *, *, #274, .F. ) ;
#1226 = LINE ( 'NONE', #651, #1685 ) ;
#1227 = MECHANICAL_DESIGN_GEOMETRIC_PRESENTATION_REPRESENTATION (  '', ( #247 ), #857 ) ;
#1228 =( LENGTH_UNIT ( ) NAMED_UNIT ( * ) SI_UNIT ( .MILLI., .METRE. ) );
#1229 = SURFACE_SIDE_STYLE ('',( #464 ) ) ;
#1230 = CARTESIAN_POINT ( 'NONE',  ( 0.2408164119922422131, 0.8965806903387381066, 0.4008750199815371840 ) ) ;
#1231 = ORIENTED_EDGE ( 'NONE', *, *, #668, .F. ) ;
#1232 = EDGE_CURVE ( 'NONE', #1156, #1840, #203, .T. ) ;
#1233 = CARTESIAN_POINT ( 'NONE',  ( 0.1202577157608827191, 0.8465806903387376181, 0.8877719006848557859 ) ) ;
#1234 = CARTESIAN_POINT ( 'NONE',  ( -0.4571051466549639897, 0.8965806903387377735, 0.3326604764500871170 ) ) ;
#1235 = CARTESIAN_POINT ( 'NONE',  ( 0.5644093913201546631, 0.8965806903387378846, 0.4168326139311143708 ) ) ;
#1236 = VERTEX_POINT ( 'NONE', #1496 ) ;
#1237 = CARTESIAN_POINT ( 'NONE',  ( 0.1614147458365937093, 0.8965806903387375515, 0.5238052012830699544 ) ) ;
#1238 = VERTEX_POINT ( 'NONE', #1671 ) ;
#1239 = CARTESIAN_POINT ( 'NONE',  ( 0.1268057104641709676, 0.8965806903387377735, 0.9886788888708293310 ) ) ;
#1240 = SURFACE_STYLE_FILL_AREA ( #557 ) ;
#1241 = VERTEX_POINT ( 'NONE', #746 ) ;
#1242 = CARTESIAN_POINT ( 'NONE',  ( 0.3056425534249052611, 0.8465806903387379512, 1.293243454534712233 ) ) ;
#1243 = CARTESIAN_POINT ( 'NONE',  ( 0.1868155647243797679, 0.8465806903387378402, 1.323290896787889137 ) ) ;
#1244 = CARTESIAN_POINT ( 'NONE',  ( -1.561341383892501433, 0.8465806903387377291, 1.600000000000000089 ) ) ;
#1245 = EDGE_CURVE ( 'NONE', #1936, #523, #2084, .T. ) ;
#1246 = EDGE_LOOP ( 'NONE', ( #2359, #2347, #2368, #198 ) ) ;
#1247 = EDGE_CURVE ( 'NONE', #1918, #59, #2257, .T. ) ;
#1248 = CARTESIAN_POINT ( 'NONE',  ( 1.438658616107498345, 0.8465806903387377291, 0.05000000000000000278 ) ) ;
#1249 = ORIENTED_EDGE ( 'NONE', *, *, #1781, .T. ) ;
#1250 = VECTOR ( 'NONE', #1316, 1000.000000000000000 ) ;
#1251 = CARTESIAN_POINT ( 'NONE',  ( 0.1856948834272489357, 0.8965806903387376625, 1.205646221942110463 ) ) ;
#1252 =( GEOMETRIC_REPRESENTATION_CONTEXT ( 3 ) GLOBAL_UNCERTAINTY_ASSIGNED_CONTEXT ( ( #406 ) ) GLOBAL_UNIT_ASSIGNED_CONTEXT ( ( #1888, #1911, #622 ) ) REPRESENTATION_CONTEXT ( 'NONE', 'WORKASPACE' ) );
#1253 = VECTOR ( 'NONE', #1891, 1000.000000000000000 ) ;
#1254 = VECTOR ( 'NONE', #1763, 1000.000000000000000 ) ;
#1255 = SURFACE_STYLE_USAGE ( .BOTH. , #1229 ) ;
#1256 = CARTESIAN_POINT ( 'NONE',  ( 0.2220146901598291644, 0.8465806903387371740, 0.4182161362971634766 ) ) ;
#1257 = VERTEX_POINT ( 'NONE', #907 ) ;
#1258 = CARTESIAN_POINT ( 'NONE',  ( 0.2012240364307854579, 0.8965806903387378846, 1.229396631205929014 ) ) ;
#1259 = FACE_OUTER_BOUND ( 'NONE', #1172, .T. ) ;
#1260 = FACE_OUTER_BOUND ( 'NONE', #66, .T. ) ;
#1261 = ORIENTED_EDGE ( 'NONE', *, *, #2050, .T. ) ;
#1262 = CARTESIAN_POINT ( 'NONE',  ( 0.8886586161074986334, 0.8465806903387377291, 0.0000000000000000000 ) ) ;
#1263 = ORIENTED_EDGE ( 'NONE', *, *, #1087, .T. ) ;
#1264 = DIRECTION ( 'NONE',  ( -0.0000000000000000000, -0.0000000000000000000, -1.000000000000000000 ) ) ;
#1265 =( NAMED_UNIT ( * ) SI_UNIT ( $, .STERADIAN. ) SOLID_ANGLE_UNIT ( ) );
#1266 = CARTESIAN_POINT ( 'NONE',  ( 0.07342574961260157906, 0.8465806903387379512, 0.4505252793154810309 ) ) ;
#1267 = VERTEX_POINT ( 'NONE', #724 ) ;
#1268 = CARTESIAN_POINT ( 'NONE',  ( 0.0000000000000000000, 0.0000000000000000000, 1.649999999999999911 ) ) ;
#1269 = CARTESIAN_POINT ( 'NONE',  ( 0.8886586161074985224, 0.9465806903387378179, 1.649999999999999911 ) ) ;
#1270 = CARTESIAN_POINT ( 'NONE',  ( 1.438658616107498345, 0.8465806903387377291, 0.0000000000000000000 ) ) ;
#1271 = FACE_OUTER_BOUND ( 'NONE', #2382, .T. ) ;
#1272 = ORIENTED_EDGE ( 'NONE', *, *, #1853, .F. ) ;
#1273 = DIRECTION ( 'NONE',  ( 0.0000000000000000000, 0.0000000000000000000, 1.000000000000000000 ) ) ;
#1274 = CARTESIAN_POINT ( 'NONE',  ( 1.438658616107498567, 0.04658069033873783737, 1.600000000000000089 ) ) ;
#1275 = CARTESIAN_POINT ( 'NONE',  ( 0.8886586161074986334, -0.05341930966126209879, 1.649999999999999911 ) ) ;
#1276 = ORIENTED_EDGE ( 'NONE', *, *, #479, .F. ) ;
#1277 = CARTESIAN_POINT ( 'NONE',  ( 0.03231563366839662610, 0.8965806903387378846, 1.138479674687042920 ) ) ;
#1278 = EDGE_CURVE ( 'NONE', #199, #1834, #698, .T. ) ;
#1279 = ADVANCED_FACE ( 'NONE', ( #2233 ), #1330, .T. ) ;
#1280 = DIRECTION ( 'NONE',  ( -1.084202172485504040E-15, 1.000000000000000000, 0.0000000000000000000 ) ) ;
#1281 = CARTESIAN_POINT ( 'NONE',  ( 0.3309557507809334775, 0.8465806903387376181, 1.294198937988548792 ) ) ;
#1282 = APPLICATION_PROTOCOL_DEFINITION ( 'draft international standard', 'automotive_design', 1998, #890 ) ;
#1283 = CARTESIAN_POINT ( 'NONE',  ( -0.02022678292187075899, 0.8965806903387376625, 0.8930302810699445315 ) ) ;
#1284 = CARTESIAN_POINT ( 'NONE',  ( -0.4571051466549639897, 0.8465806903387377291, 1.268557912347523020 ) ) ;
#1285 = LINE ( 'NONE', #1099, #545 ) ;
#1286 = VECTOR ( 'NONE', #2247, 1000.000000000000000 ) ;
#1287 = CARTESIAN_POINT ( 'NONE',  ( -1.561341383892501433, 0.8465806903387377291, 1.600000000000000089 ) ) ;
#1288 = CARTESIAN_POINT ( 'NONE',  ( 0.0000000000000000000, 0.8465806903387377291, 1.649999999999999911 ) ) ;
#1289 = AXIS2_PLACEMENT_3D ( 'NONE', #1268, #1664, #2419 ) ;
#1290 = COLOUR_RGB ( '',0.0000000000000000000, 0.0000000000000000000, 0.0000000000000000000 ) ;
#1291 = CARTESIAN_POINT ( 'NONE',  ( -0.4571051466549639897, 0.8965806903387377735, 1.268557912347523020 ) ) ;
#1292 = CARTESIAN_POINT ( 'NONE',  ( 0.4768142039204912863, 0.8965806903387375515, 1.205645283037241944 ) ) ;
#1293 = DIRECTION ( 'NONE',  ( 0.0000000000000000000, 0.0000000000000000000, 1.000000000000000000 ) ) ;
#1294 =( NAMED_UNIT ( * ) SI_UNIT ( $, .STERADIAN. ) SOLID_ANGLE_UNIT ( ) );
#1295 = VECTOR ( 'NONE', #215, 1000.000000000000000 ) ;
#1296 = LINE ( 'NONE', #165, #898 ) ;
#1297 = AXIS2_PLACEMENT_3D ( 'NONE', #2037, #1865, #2433 ) ;
#1298 = CARTESIAN_POINT ( 'NONE',  ( -1.011341383892501389, 0.04658069033873783737, 1.649999999999999911 ) ) ;
#1299 = DIRECTION ( 'NONE',  ( -0.0000000000000000000, -0.0000000000000000000, -1.000000000000000000 ) ) ;
#1300 = CARTESIAN_POINT ( 'NONE',  ( 0.4405139961077561006, 0.8465806903387377291, 0.4182049344085660425 ) ) ;
#1301 = CARTESIAN_POINT ( 'NONE',  ( 1.438658616107498345, 0.8465806903387377291, 0.05000000000000000278 ) ) ;
#1302 = DIRECTION ( 'NONE',  ( -0.0000000000000000000, 1.000000000000000000, -0.0000000000000000000 ) ) ;
#1303 = SURFACE_STYLE_FILL_AREA ( #720 ) ;
#1304 = UNCERTAINTY_MEASURE_WITH_UNIT (LENGTH_MEASURE( 1.000000000000000082E-05 ), #432, 'distance_accuracy_value', 'NONE');
#1305 = DIRECTION ( 'NONE',  ( 0.0000000000000000000, 0.0000000000000000000, -1.000000000000000000 ) ) ;
#1306 = CARTESIAN_POINT ( 'NONE',  ( 0.3396005561696529007, 0.8965806903387377735, 1.293875674025108502 ) ) ;
#1307 = PLANE ( 'NONE',  #370 ) ;
#1308 = ADVANCED_FACE ( 'NONE', ( #1882 ), #1105, .F. ) ;
#1309 = SURFACE_STYLE_USAGE ( .BOTH. , #1489 ) ;
#1310 = CARTESIAN_POINT ( 'NONE',  ( -1.561341383892501433, 0.8465806903387377291, 1.600000000000000089 ) ) ;
#1311 = FILL_AREA_STYLE_COLOUR ( '', #2044 ) ;
#1312 = CARTESIAN_POINT ( 'NONE',  ( -0.7647974543472716435, 0.8965806903387377735, 1.268557912347523020 ) ) ;
#1313 = CARTESIAN_POINT ( 'NONE',  ( 0.1405552782261878519, 0.8965806903387378846, 0.5967208525393076224 ) ) ;
#1314 = ORIENTED_EDGE ( 'NONE', *, *, #1247, .F. ) ;
#1315 = PRESENTATION_STYLE_ASSIGNMENT (( #1104 ) ) ;
#1316 = DIRECTION ( 'NONE',  ( 0.0000000000000000000, -1.000000000000000000, 0.0000000000000000000 ) ) ;
#1317 = CARTESIAN_POINT ( 'NONE',  ( 0.5427450264590757412, 0.8465806903387376181, 0.8516931777817070559 ) ) ;
#1318 = CARTESIAN_POINT ( 'NONE',  ( -0.5981307876806049029, 0.8465806903387377291, 1.268557912347523020 ) ) ;
#1319 = CARTESIAN_POINT ( 'NONE',  ( -1.011341383892501833, 0.8465806903387377291, 1.600000000000000089 ) ) ;
#1320 =( GEOMETRIC_REPRESENTATION_CONTEXT ( 3 ) GLOBAL_UNCERTAINTY_ASSIGNED_CONTEXT ( ( #1895 ) ) GLOBAL_UNIT_ASSIGNED_CONTEXT ( ( #2422, #1657, #310 ) ) REPRESENTATION_CONTEXT ( 'NONE', 'WORKASPACE' ) );
#1321 = CARTESIAN_POINT ( 'NONE',  ( 0.3392076318848517569, 0.8965806903387377735, 0.3714169982135221426 ) ) ;
#1322 = CARTESIAN_POINT ( 'NONE',  ( 0.8886586161074986334, 0.04658069033873783737, 0.05000000000000000278 ) ) ;
#1323 = EDGE_CURVE ( 'NONE', #2087, #586, #1352, .T. ) ;
#1324 = VECTOR ( 'NONE', #2062, 1000.000000000000000 ) ;
#1325 = VERTEX_POINT ( 'NONE', #2321 ) ;
#1326 = CARTESIAN_POINT ( 'NONE',  ( 0.6839204943706771456, 0.8965806903387377735, 0.8354649636295743420 ) ) ;
#1327 = UNCERTAINTY_MEASURE_WITH_UNIT (LENGTH_MEASURE( 1.000000000000000082E-05 ), #1086, 'distance_accuracy_value', 'NONE');
#1328 = CARTESIAN_POINT ( 'NONE',  ( 0.5013622189087227898, 0.8965806903387381066, 0.5237452956771559975 ) ) ;
#1329 = MECHANICAL_DESIGN_GEOMETRIC_PRESENTATION_REPRESENTATION (  '', ( #1374 ), #1878 ) ;
#1330 = PLANE ( 'NONE',  #1680 ) ;
#1331 = LINE ( 'NONE', #1345, #759 ) ;
#1332 = VECTOR ( 'NONE', #1118, 1000.000000000000000 ) ;
#1333 = VECTOR ( 'NONE', #2211, 1000.000000000000000 ) ;
#1334 = CARTESIAN_POINT ( 'NONE',  ( 0.8886586161074986334, 0.04658069033873783737, 1.649999999999999911 ) ) ;
#1335 = LINE ( 'NONE', #2284, #1078 ) ;
#1336 = CARTESIAN_POINT ( 'NONE',  ( 0.5296055441616768222, 0.8465806903387377291, 0.6379672939159550804 ) ) ;
#1337 = CARTESIAN_POINT ( 'NONE',  ( 0.3066502741312885916, 0.8465806903387371740, 0.3719997215772927190 ) ) ;
#1338 = AXIS2_PLACEMENT_3D ( 'NONE', #1030, #1620, #1792 ) ;
#1339 = ADVANCED_FACE ( 'NONE', ( #2137 ), #2288, .T. ) ;
#1340 = ORIENTED_EDGE ( 'NONE', *, *, #1016, .T. ) ;
#1341 = CARTESIAN_POINT ( 'NONE',  ( 0.6114006715304658446, 0.8965806903387378846, 0.4879417978907938380 ) ) ;
#1342 = FILL_AREA_STYLE_COLOUR ( '', #614 ) ;
#1343 = CARTESIAN_POINT ( 'NONE',  ( 0.3444760784345000659, 0.8465806903387377291, 0.3074051610325241879 ) ) ;
#1344 = CARTESIAN_POINT ( 'NONE',  ( 0.3066502741312885916, 0.8465806903387377291, 0.3719997215772927190 ) ) ;
#1345 = CARTESIAN_POINT ( 'NONE',  ( -1.011341383892501389, 0.04658069033873783737, 1.649999999999999911 ) ) ;
#1346 = VERTEX_POINT ( 'NONE', #471 ) ;
#1347 = CARTESIAN_POINT ( 'NONE',  ( 0.001846236143139150720, 0.8465806903387378402, 0.6191464050661656948 ) ) ;
#1348 = CARTESIAN_POINT ( 'NONE',  ( 0.5428948533450362879, 0.8465806903387376181, 0.8330611174757280857 ) ) ;
#1349 = CARTESIAN_POINT ( 'NONE',  ( 0.5354832799904288843, 0.8965806903387377735, 0.6823150881078228203 ) ) ;
#1350 = CARTESIAN_POINT ( 'NONE',  ( 0.03166464223067567280, 0.8965806903387376625, 0.5286002946581609407 ) ) ;
#1351 = EDGE_CURVE ( 'NONE', #1834, #2079, #1020, .T. ) ;
#1352 = B_SPLINE_CURVE_WITH_KNOTS ( 'NONE', 3,
 ( #1653, #931, #4, #2408, #1848, #1908, #2336, #2095, #975, #1937, #2110, #216, #811, #201, #958, #14, #56, #796, #1751 ),
 .UNSPECIFIED., .F., .F.,
 ( 4, 1, 1, 1, 1, 1, 1, 1, 1, 1, 1, 1, 1, 1, 1, 1, 4 ),
 ( 0.0000000000000000000, 0.04616070137296099385, 0.09006766461479569219, 0.1331543574901418725, 0.1762543567134375322, 0.2208195326446714402, 0.2675985801178357160, 0.3177940556090190216, 0.3720777204111761494, 0.4310075855886391638, 0.4950202718018352765, 0.5643730330794737293, 0.6394363648343819317, 0.7204183646391266738, 0.8071290655413041470, 0.9003959214568428848, 1.000000000000000000 ),
 .UNSPECIFIED. ) ;
#1353 = ORIENTED_EDGE ( 'NONE', *, *, #551, .T. ) ;
#1354 = ORIENTED_EDGE ( 'NONE', *, *, #1247, .T. ) ;
#1355 = SURFACE_STYLE_FILL_AREA ( #231 ) ;
#1356 = B_SPLINE_CURVE_WITH_KNOTS ( 'NONE', 3,
 ( #1386, #1931, #1204, #240, #1962, #822, #983, #1744, #49, #1181, #1364, #1566, #444, #2329, #1017, #1940, #37, #261, #997 ),
 .UNSPECIFIED., .F., .F.,
 ( 4, 1, 1, 1, 1, 1, 1, 1, 1, 1, 1, 1, 1, 1, 1, 1, 4 ),
 ( 0.0000000000000000000, 0.08247158165897713888, 0.1606442799617366912, 0.2353075159008397865, 0.3065726649561282269, 0.3746800447575275861, 0.4400997714137500627, 0.5034193758900471494, 0.5649029189134640028, 0.6242083336919298509, 0.6803253913082745186, 0.7341996738354323870, 0.7866416333513835957, 0.8385288818396793298, 0.8907669965764920539, 0.9444729826044250265, 0.9999999999999998890 ),
 .UNSPECIFIED. ) ;
#1357 = CARTESIAN_POINT ( 'NONE',  ( 0.1198179302681131181, 0.8965806903387381066, 0.8330611174757280857 ) ) ;
#1358 = EDGE_CURVE ( 'NONE', #701, #678, #1168, .T. ) ;
#1359 = CARTESIAN_POINT ( 'NONE',  ( 0.5124689326209735940, 0.8965806903387381066, 0.5586792895112109303 ) ) ;
#1360 = EDGE_CURVE ( 'NONE', #807, #1918, #333, .T. ) ;
#1361 = DIRECTION ( 'NONE',  ( -0.0000000000000000000, -0.0000000000000000000, -1.000000000000000000 ) ) ;
#1362 = CARTESIAN_POINT ( 'NONE',  ( 0.07433216816691227968, 0.8965806903387381066, 1.215762733281313457 ) ) ;
#1363 = ORIENTED_EDGE ( 'NONE', *, *, #915, .F. ) ;
#1364 = CARTESIAN_POINT ( 'NONE',  ( 0.5639918821587639464, 0.8965806903387375515, 1.249237408889732670 ) ) ;
#1365 = DIRECTION ( 'NONE',  ( 0.0000000000000000000, -1.000000000000000000, 0.0000000000000000000 ) ) ;
#1366 = EDGE_LOOP ( 'NONE', ( #388, #1009, #813, #1822 ) ) ;
#1367 = SURFACE_STYLE_FILL_AREA ( #1506 ) ;
#1368 = CARTESIAN_POINT ( 'NONE',  ( 0.3223778243185810854, 0.8965806903387376625, 1.293875151677094992 ) ) ;
#1369 = CARTESIAN_POINT ( 'NONE',  ( 0.4883213395753108199, 0.8465806903387375071, 0.4921115570325741984 ) ) ;
#1370 = CARTESIAN_POINT ( 'NONE',  ( -0.7647974543472716435, 0.8965806903387377735, 1.268557912347523020 ) ) ;
#1371 = SURFACE_STYLE_FILL_AREA ( #606 ) ;
#1372 = VECTOR ( 'NONE', #1264, 1000.000000000000000 ) ;
#1373 = CARTESIAN_POINT ( 'NONE',  ( -0.7647974543472716435, 0.8965806903387377735, 0.3903527841423947153 ) ) ;
#1374 = STYLED_ITEM ( 'NONE', ( #2051 ), #1279 ) ;
#1375 = LINE ( 'NONE', #278, #1616 ) ;
#1376 = DIRECTION ( 'NONE',  ( 0.0000000000000000000, -1.000000000000000000, 0.0000000000000000000 ) ) ;
#1377 =( LENGTH_UNIT ( ) NAMED_UNIT ( * ) SI_UNIT ( .MILLI., .METRE. ) );
#1378 = VECTOR ( 'NONE', #1846, 1000.000000000000000 ) ;
#1379 = ORIENTED_EDGE ( 'NONE', *, *, #1471, .T. ) ;
#1380 = VECTOR ( 'NONE', #113, 1000.000000000000000 ) ;
#1381 = PLANE ( 'NONE',  #2241 ) ;
#1382 = CARTESIAN_POINT ( 'NONE',  ( 0.5427621543229425027, 0.8465806903387375071, 0.8151627892334937231 ) ) ;
#1383 =( NAMED_UNIT ( * ) SI_UNIT ( $, .STERADIAN. ) SOLID_ANGLE_UNIT ( ) );
#1384 = ORIENTED_EDGE ( 'NONE', *, *, #636, .T. ) ;
#1385 = FILL_AREA_STYLE ('',( #624 ) ) ;
#1386 = CARTESIAN_POINT ( 'NONE',  ( 0.6839204943706771456, 0.8965806903387377735, 0.8354649636295743420 ) ) ;
#1387 = CARTESIAN_POINT ( 'NONE',  ( -1.661341383892501522, 0.9465806903387379290, 0.0000000000000000000 ) ) ;
#1388 = ADVANCED_BREP_SHAPE_REPRESENTATION ( 'SF-1206HH-R', ( #922, #81 ), #2005 ) ;
#1389 = SURFACE_STYLE_USAGE ( .BOTH. , #1568 ) ;
#1390 = EDGE_CURVE ( 'NONE', #1179, #2087, #26, .T. ) ;
#1391 = ORIENTED_EDGE ( 'NONE', *, *, #1209, .F. ) ;
#1392 = CARTESIAN_POINT ( 'NONE',  ( 0.5371879905278803546, 0.8465806903387375071, 0.3875744397055894686 ) ) ;
#1393 = PLANE ( 'NONE',  #620 ) ;
#1394 = ORIENTED_EDGE ( 'NONE', *, *, #526, .F. ) ;
#1395 = CARTESIAN_POINT ( 'NONE',  ( 0.03166464223067567280, 0.8965806903387376625, 0.5286002946581609407 ) ) ;
#1396 = CARTESIAN_POINT ( 'NONE',  ( 0.4035834151045267215, 0.8465806903387378402, 1.278600229212216277 ) ) ;
#1397 =( NAMED_UNIT ( * ) PLANE_ANGLE_UNIT ( ) SI_UNIT ( $, .RADIAN. ) );
#1398 =( LENGTH_UNIT ( ) NAMED_UNIT ( * ) SI_UNIT ( .MILLI., .METRE. ) );
#1399 = EDGE_CURVE ( 'NONE', #936, #434, #423, .T. ) ;
#1400 = ADVANCED_FACE ( 'NONE', ( #990 ), #2312, .T. ) ;
#1401 = CARTESIAN_POINT ( 'NONE',  ( 1.538658616107498434, 0.9465806903387379290, 1.649999999999999911 ) ) ;
#1402 = LINE ( 'NONE', #976, #2119 ) ;
#1403 = CARTESIAN_POINT ( 'NONE',  ( -1.011341383892501389, 0.04658069033873783737, 1.649999999999999911 ) ) ;
#1404 = VECTOR ( 'NONE', #1899, 1000.000000000000000 ) ;
#1405 = ORIENTED_EDGE ( 'NONE', *, *, #1684, .F. ) ;
#1406 = DIRECTION ( 'NONE',  ( -0.0000000000000000000, 0.0000000000000000000, -1.000000000000000000 ) ) ;
#1407 = CARTESIAN_POINT ( 'NONE',  ( 0.2012240364307854579, 0.8465806903387378402, 1.229396631205929014 ) ) ;
#1408 = CARTESIAN_POINT ( 'NONE',  ( 0.4762983709749677996, 0.8465806903387375071, 1.323292390460195866 ) ) ;
#1409 = MECHANICAL_DESIGN_GEOMETRIC_PRESENTATION_REPRESENTATION (  '', ( #2160 ), #226 ) ;
#1410 = ORIENTED_EDGE ( 'NONE', *, *, #364, .F. ) ;
#1411 = VERTEX_POINT ( 'NONE', #947 ) ;
#1412 = FACE_OUTER_BOUND ( 'NONE', #876, .T. ) ;
#1413 =( GEOMETRIC_REPRESENTATION_CONTEXT ( 3 ) GLOBAL_UNCERTAINTY_ASSIGNED_CONTEXT ( ( #941 ) ) GLOBAL_UNIT_ASSIGNED_CONTEXT ( ( #173, #322, #1472 ) ) REPRESENTATION_CONTEXT ( 'NONE', 'WORKASPACE' ) );
#1414 = VECTOR ( 'NONE', #1995, 1000.000000000000000 ) ;
#1415 =( NAMED_UNIT ( * ) PLANE_ANGLE_UNIT ( ) SI_UNIT ( $, .RADIAN. ) );
#1416 = DIRECTION ( 'NONE',  ( -0.0000000000000000000, 0.0000000000000000000, -1.000000000000000000 ) ) ;
#1417 = VERTEX_POINT ( 'NONE', #399 ) ;
#1418 = CARTESIAN_POINT ( 'NONE',  ( 0.2012240364307854579, 0.8465806903387379512, 1.229396631205929014 ) ) ;
#1419 = DIRECTION ( 'NONE',  ( -1.000000000000000000, -0.0000000000000000000, -0.0000000000000000000 ) ) ;
#1420 = CARTESIAN_POINT ( 'NONE',  ( 0.4767538886687614497, 0.8965806903387375515, 0.3422140571222144767 ) ) ;
#1421 = CARTESIAN_POINT ( 'NONE',  ( 0.4429527811130244408, 0.8465806903387378402, 1.339053783849196710 ) ) ;
#1422 = CARTESIAN_POINT ( 'NONE',  ( 0.1887015666903360811, 0.8965806903387376625, 0.4638348628224610026 ) ) ;
#1423 = ORIENTED_EDGE ( 'NONE', *, *, #1457, .F. ) ;
#1424 = LINE ( 'NONE', #2183, #1644 ) ;
#1425 = SURFACE_SIDE_STYLE ('',( #2172 ) ) ;
#1426 = ORIENTED_EDGE ( 'NONE', *, *, #1087, .F. ) ;
#1427 = ADVANCED_FACE ( 'NONE', ( #776 ), #2298, .F. ) ;
#1428 = CARTESIAN_POINT ( 'NONE',  ( 0.2588842143304361243, 0.8965806903387379956, 1.278548355700237726 ) ) ;
#1429 = CARTESIAN_POINT ( 'NONE',  ( 0.2201597447519695605, 0.8465806903387379512, 1.339058741027655985 ) ) ;
#1430 = CARTESIAN_POINT ( 'NONE',  ( 0.6839204943706771456, 0.8965806903387377735, 0.8354649636295743420 ) ) ;
#1431 = CARTESIAN_POINT ( 'NONE',  ( 0.1268057104641709676, 0.8465806903387377291, 0.9886788888708293310 ) ) ;
#1432 = ORIENTED_EDGE ( 'NONE', *, *, #1514, .F. ) ;
#1433 = CARTESIAN_POINT ( 'NONE',  ( 1.538658616107498434, 0.9465806903387379290, 1.649999999999999911 ) ) ;
#1434 = ORIENTED_EDGE ( 'NONE', *, *, #1869, .T. ) ;
#1435 = CARTESIAN_POINT ( 'NONE',  ( 0.1228115541241252551, 0.8965806903387379956, 0.7297560521584639526 ) ) ;
#1436 = CARTESIAN_POINT ( 'NONE',  ( 0.1887015666903360811, 0.8465806903387376181, 0.4638348628224610026 ) ) ;
#1437 = PRESENTATION_LAYER_ASSIGNMENT (  '', '', ( #2194 ) ) ;
#1438 = ORIENTED_EDGE ( 'NONE', *, *, #283, .F. ) ;
#1439 = B_SPLINE_CURVE_WITH_KNOTS ( 'NONE', 3,
 ( #1793, #101, #469, #286, #1604, #1420, #2189, #635, #1235, #1818, #2341, #644, #661, #1052, #1985, #1221, #1582, #1803, #1430 ),
 .UNSPECIFIED., .F., .F.,
 ( 4, 1, 1, 1, 1, 1, 1, 1, 1, 1, 1, 1, 1, 1, 1, 1, 4 ),
 ( 0.0000000000000000000, 0.05540021908813192592, 0.1087610644899447004, 0.1608836706094930735, 0.2123891374561764911, 0.2645987660451519230, 0.3182587708910498692, 0.3741691402395585508, 0.4330963361432199066, 0.4946110144464276326, 0.5578493768896579663, 0.6233154261175366528, 0.6915425962160524076, 0.7630526495432655709, 0.8382842690408154329, 0.9170067206130619875, 1.000000000000000000 ),
 .UNSPECIFIED. ) ;
#1440 = CARTESIAN_POINT ( 'NONE',  ( -1.561341383892501433, 0.8465806903387377291, 1.649999999999999911 ) ) ;
#1441 = SURFACE_STYLE_USAGE ( .BOTH. , #686 ) ;
#1442 = SURFACE_STYLE_FILL_AREA ( #2432 ) ;
#1443 = VERTEX_POINT ( 'NONE', #183 ) ;
#1444 = CARTESIAN_POINT ( 'NONE',  ( -0.5981307876806049029, 0.8965806903387377735, 0.4240066302962408606 ) ) ;
#1445 = ORIENTED_EDGE ( 'NONE', *, *, #85, .F. ) ;
#1446 = STYLED_ITEM ( 'NONE', ( #246 ), #1339 ) ;
#1447 = CARTESIAN_POINT ( 'NONE',  ( -0.7647974543472716435, 0.8465806903387377291, 0.4552566302962409162 ) ) ;
#1448 = CARTESIAN_POINT ( 'NONE',  ( 0.3444760784345000659, 0.8965806903387377735, 0.3074051610325241879 ) ) ;
#1449 = CARTESIAN_POINT ( 'NONE',  ( 1.438658616107498345, 0.04658069033873783737, 0.05000000000000000278 ) ) ;
#1450 = VECTOR ( 'NONE', #530, 1000.000000000000000 ) ;
#1451 = VERTEX_POINT ( 'NONE', #2270 ) ;
#1452 = SURFACE_STYLE_FILL_AREA ( #693 ) ;
#1453 =( LENGTH_UNIT ( ) NAMED_UNIT ( * ) SI_UNIT ( .MILLI., .METRE. ) );
#1454 = FACE_OUTER_BOUND ( 'NONE', #221, .T. ) ;
#1455 = SURFACE_STYLE_USAGE ( .BOTH. , #1800 ) ;
#1456 = EDGE_LOOP ( 'NONE', ( #305, #1558, #1053, #1574 ) ) ;
#1457 = EDGE_CURVE ( 'NONE', #616, #701, #2286, .T. ) ;
#1458 = CARTESIAN_POINT ( 'NONE',  ( -1.011341383892501833, 0.9465806903387378179, 1.649999999999999911 ) ) ;
#1459 = CARTESIAN_POINT ( 'NONE',  ( -1.011341383892501389, -0.05341930966126220981, 1.649999999999999911 ) ) ;
#1460 = ORIENTED_EDGE ( 'NONE', *, *, #120, .T. ) ;
#1461 = EDGE_CURVE ( 'NONE', #828, #1611, #914, .T. ) ;
#1462 = DIRECTION ( 'NONE',  ( 1.000000000000000000, -0.0000000000000000000, -0.0000000000000000000 ) ) ;
#1463 = CARTESIAN_POINT ( 'NONE',  ( -0.7647974543472716435, 0.8465806903387377291, 1.268557912347523020 ) ) ;
#1464 = CARTESIAN_POINT ( 'NONE',  ( 0.4908300824763563996, 0.8465806903387375071, 1.178432316945611458 ) ) ;
#1465 = LINE ( 'NONE', #347, #1812 ) ;
#1466 = CARTESIAN_POINT ( 'NONE',  ( 0.002030564244287241804, 0.8965806903387377735, 1.049141407928913416 ) ) ;
#1467 = PLANE ( 'NONE',  #297 ) ;
#1468 = ORIENTED_EDGE ( 'NONE', *, *, #448, .T. ) ;
#1469 = CARTESIAN_POINT ( 'NONE',  ( 0.6111555894353365437, 0.8465806903387378402, 1.178734159739329046 ) ) ;
#1470 = CARTESIAN_POINT ( 'NONE',  ( 0.8886586161074986334, 0.8465806903387377291, 1.649999999999999911 ) ) ;
#1471 = EDGE_CURVE ( 'NONE', #576, #2161, #353, .T. ) ;
#1472 =( NAMED_UNIT ( * ) SI_UNIT ( $, .STERADIAN. ) SOLID_ANGLE_UNIT ( ) );
#1473 = UNCERTAINTY_MEASURE_WITH_UNIT (LENGTH_MEASURE( 1.000000000000000082E-05 ), #1228, 'distance_accuracy_value', 'NONE');
#1474 = CARTESIAN_POINT ( 'NONE',  ( 0.6837065680587041117, 0.8465806903387376181, 0.8158228639580513697 ) ) ;
#1475 = CARTESIAN_POINT ( 'NONE',  ( 0.5401222159550663759, 0.8465806903387373961, 0.9400340005091891715 ) ) ;
#1476 = DIRECTION ( 'NONE',  ( 1.000000000000000000, 0.0000000000000000000, 0.0000000000000000000 ) ) ;
#1477 = PLANE ( 'NONE',  #1992 ) ;
#1478 = CARTESIAN_POINT ( 'NONE',  ( -1.561341383892501655, 0.04658069033873783737, 0.0000000000000000000 ) ) ;
#1479 = CARTESIAN_POINT ( 'NONE',  ( 0.3182365788786773453, 0.8965806903387378846, 0.3074049512148458452 ) ) ;
#1480 = VECTOR ( 'NONE', #1376, 1000.000000000000000 ) ;
#1481 = LINE ( 'NONE', #1288, #185 ) ;
#1482 = VECTOR ( 'NONE', #522, 1000.000000000000000 ) ;
#1483 = AXIS2_PLACEMENT_3D ( 'NONE', #218, #960, #2266 ) ;
#1484 =( NAMED_UNIT ( * ) PLANE_ANGLE_UNIT ( ) SI_UNIT ( $, .RADIAN. ) );
#1485 = CARTESIAN_POINT ( 'NONE',  ( 0.5228333730310236183, 0.8965806903387377735, 1.075274449531007148 ) ) ;
#1486 = SURFACE_STYLE_USAGE ( .BOTH. , #726 ) ;
#1487 = CARTESIAN_POINT ( 'NONE',  ( 0.1555275922419554202, 0.8965806903387378846, 1.303052711077488324 ) ) ;
#1488 = VECTOR ( 'NONE', #1701, 1000.000000000000000 ) ;
#1489 = SURFACE_SIDE_STYLE ('',( #1667 ) ) ;
#1490 = DIRECTION ( 'NONE',  ( -0.0000000000000000000, -0.0000000000000000000, -1.000000000000000000 ) ) ;
#1491 = PRESENTATION_STYLE_ASSIGNMENT (( #2437 ) ) ;
#1492 = ORIENTED_EDGE ( 'NONE', *, *, #1853, .T. ) ;
#1493 = ORIENTED_EDGE ( 'NONE', *, *, #2042, .T. ) ;
#1494 = CARTESIAN_POINT ( 'NONE',  ( 0.1202064829141783614, 0.8965806903387379956, 0.7803470547399764534 ) ) ;
#1495 = ADVANCED_FACE ( 'NONE', ( #1128 ), #454, .T. ) ;
#1496 = CARTESIAN_POINT ( 'NONE',  ( 0.8886586161074984114, 0.04658069033873783737, 1.600000000000000089 ) ) ;
#1497 = CARTESIAN_POINT ( 'NONE',  ( 0.5424549052921024961, 0.8965806903387379956, 0.8877718498066472508 ) ) ;
#1498 =( NAMED_UNIT ( * ) PLANE_ANGLE_UNIT ( ) SI_UNIT ( $, .RADIAN. ) );
#1499 = ADVANCED_FACE ( 'NONE', ( #191 ), #1740, .T. ) ;
#1500 = DIRECTION ( 'NONE',  ( 0.0000000000000000000, -1.000000000000000000, 0.0000000000000000000 ) ) ;
#1501 = CARTESIAN_POINT ( 'NONE',  ( 0.0000000000000000000, 0.0000000000000000000, 1.600000000000000089 ) ) ;
#1502 = CARTESIAN_POINT ( 'NONE',  ( 0.01521486992033502933, 0.8965806903387377735, 0.5723046296052711757 ) ) ;
#1503 = LINE ( 'NONE', #1387, #34 ) ;
#1504 = ORIENTED_EDGE ( 'NONE', *, *, #900, .F. ) ;
#1505 = ORIENTED_EDGE ( 'NONE', *, *, #1943, .F. ) ;
#1506 = FILL_AREA_STYLE ('',( #2080 ) ) ;
#1507 = DIRECTION ( 'NONE',  ( 0.0000000000000000000, -1.000000000000000000, 0.0000000000000000000 ) ) ;
#1508 = DIRECTION ( 'NONE',  ( 1.000000000000000000, -1.668003342285392044E-16, 0.0000000000000000000 ) ) ;
#1509 = CARTESIAN_POINT ( 'NONE',  ( -0.4571051466549639897, 0.8465806903387377291, 0.3326604764500871170 ) ) ;
#1510 = SURFACE_SIDE_STYLE ('',( #429 ) ) ;
#1511 = LINE ( 'NONE', #166, #1930 ) ;
#1512 = CARTESIAN_POINT ( 'NONE',  ( 0.5124689326209735940, 0.8965806903387377735, 0.5586792895112109303 ) ) ;
#1513 = CARTESIAN_POINT ( 'NONE',  ( 0.4216895581829079864, 0.8465806903387377291, 0.4008832208227754990 ) ) ;
#1514 = EDGE_CURVE ( 'NONE', #332, #316, #412, .T. ) ;
#1515 = EDGE_LOOP ( 'NONE', ( #214, #382, #98, #2299 ) ) ;
#1516 = SURFACE_SIDE_STYLE ('',( #1367 ) ) ;
#1517 = PRODUCT_DEFINITION_CONTEXT ( 'detailed design', #344, 'design' ) ;
#1518 = CARTESIAN_POINT ( 'NONE',  ( 0.4883213395753108199, 0.8965806903387379956, 0.4921115570325741984 ) ) ;
#1519 = COLOUR_RGB ( '',0.0000000000000000000, 0.0000000000000000000, 0.0000000000000000000 ) ;
#1520 = CARTESIAN_POINT ( 'NONE',  ( 0.3702324943280491665, 0.8465806903387378402, 0.3081623828482307759 ) ) ;
#1521 = CARTESIAN_POINT ( 'NONE',  ( 0.01564441126364350329, 0.8965806903387377735, 1.095297068729250700 ) ) ;
#1522 = DIRECTION ( 'NONE',  ( 0.0000000000000000000, 0.0000000000000000000, 1.000000000000000000 ) ) ;
#1523 = CARTESIAN_POINT ( 'NONE',  ( 0.1555275922419554202, 0.8965806903387378846, 1.303052711077488324 ) ) ;
#1524 = CARTESIAN_POINT ( 'NONE',  ( -0.7647974543472716435, 0.8965806903387377735, 1.332660476450087117 ) ) ;
#1525 = EDGE_LOOP ( 'NONE', ( #449, #964, #459, #2377, #1618, #1720 ) ) ;
#1526 = CARTESIAN_POINT ( 'NONE',  ( 0.1859272762817627267, 0.8965806903387376625, 0.3422699313366581175 ) ) ;
#1527 = MECHANICAL_DESIGN_GEOMETRIC_PRESENTATION_REPRESENTATION (  '', ( #275 ), #1570 ) ;
#1528 = LINE ( 'NONE', #1875, #1934 ) ;
#1529 = CARTESIAN_POINT ( 'NONE',  ( 0.8886586161074986334, 0.04658069033873783737, 1.649999999999999911 ) ) ;
#1530 = DIRECTION ( 'NONE',  ( 1.000000000000000000, -6.255012533570216466E-17, 0.0000000000000000000 ) ) ;
#1531 = VECTOR ( 'NONE', #1500, 1000.000000000000000 ) ;
#1532 = ADVANCED_FACE ( 'NONE', ( #2326 ), #389, .T. ) ;
#1533 = EDGE_CURVE ( 'NONE', #1809, #316, #2348, .T. ) ;
#1534 = ORIENTED_EDGE ( 'NONE', *, *, #448, .F. ) ;
#1535 = SURFACE_SIDE_STYLE ('',( #783 ) ) ;
#1536 = ORIENTED_EDGE ( 'NONE', *, *, #1358, .T. ) ;
#1537 = DIRECTION ( 'NONE',  ( 0.1842885350501854147, -0.0000000000000000000, 0.9828721869343218787 ) ) ;
#1538 = CARTESIAN_POINT ( 'NONE',  ( 0.2220146901598291644, 0.8465806903387378402, 0.4182161362971634766 ) ) ;
#1539 = CARTESIAN_POINT ( 'NONE',  ( -1.661341383892501522, -0.05341930966126216818, 1.649999999999999911 ) ) ;
#1540 = ORIENTED_EDGE ( 'NONE', *, *, #627, .T. ) ;
#1541 = CARTESIAN_POINT ( 'NONE',  ( -0.02057203533424094982, 0.8465806903387380622, 0.7779508003273296612 ) ) ;
#1542 = CARTESIAN_POINT ( 'NONE',  ( 0.3396005561696529007, 0.8465806903387377291, 1.293875674025108502 ) ) ;
#1543 = PLANE ( 'NONE',  #416 ) ;
#1544 = ORIENTED_EDGE ( 'NONE', *, *, #1661, .T. ) ;
#1545 = LINE ( 'NONE', #2303, #1607 ) ;
#1546 = VERTEX_POINT ( 'NONE', #2175 ) ;
#1547 = CARTESIAN_POINT ( 'NONE',  ( 0.6609357817672262270, 0.8465806903387376181, 0.6189039526257107404 ) ) ;
#1548 = PLANE ( 'NONE',  #465 ) ;
#1549 =( LENGTH_UNIT ( ) NAMED_UNIT ( * ) SI_UNIT ( .MILLI., .METRE. ) );
#1550 = FILL_AREA_STYLE_COLOUR ( '', #1608 ) ;
#1551 = SURFACE_STYLE_USAGE ( .BOTH. , #786 ) ;
#1552 =( NAMED_UNIT ( * ) PLANE_ANGLE_UNIT ( ) SI_UNIT ( $, .RADIAN. ) );
#1553 = ORIENTED_EDGE ( 'NONE', *, *, #1077, .T. ) ;
#1554 = CARTESIAN_POINT ( 'NONE',  ( 0.01521486992033502933, 0.8965806903387377735, 0.5723046296052711757 ) ) ;
#1555 = CARTESIAN_POINT ( 'NONE',  ( 0.3808809220306975107, 0.8465806903387373961, 1.287623527370688414 ) ) ;
#1556 = DIRECTION ( 'NONE',  ( 1.000000000000000000, 0.0000000000000000000, 0.0000000000000000000 ) ) ;
#1557 = ORIENTED_EDGE ( 'NONE', *, *, #1077, .F. ) ;
#1558 = ORIENTED_EDGE ( 'NONE', *, *, #1941, .F. ) ;
#1559 = CARTESIAN_POINT ( 'NONE',  ( 0.5644093913201546631, 0.8465806903387377291, 0.4168326139311143708 ) ) ;
#1560 =( NAMED_UNIT ( * ) SI_UNIT ( $, .STERADIAN. ) SOLID_ANGLE_UNIT ( ) );
#1561 = SURFACE_SIDE_STYLE ('',( #69 ) ) ;
#1562 = PLANE ( 'NONE',  #1483 ) ;
#1563 = VECTOR ( 'NONE', #1507, 1000.000000000000000 ) ;
#1564 = VERTEX_POINT ( 'NONE', #870 ) ;
#1565 = CARTESIAN_POINT ( 'NONE',  ( -0.2904384799882972490, 0.8465806903387377291, 1.332660476450087117 ) ) ;
#1566 = CARTESIAN_POINT ( 'NONE',  ( 0.5367922526121414739, 0.8965806903387376625, 1.278360570249804873 ) ) ;
#1567 = VECTOR ( 'NONE', #851, 1000.000000000000000 ) ;
#1568 = SURFACE_SIDE_STYLE ('',( #662 ) ) ;
#1569 =( NAMED_UNIT ( * ) SI_UNIT ( $, .STERADIAN. ) SOLID_ANGLE_UNIT ( ) );
#1570 =( GEOMETRIC_REPRESENTATION_CONTEXT ( 3 ) GLOBAL_UNCERTAINTY_ASSIGNED_CONTEXT ( ( #1922 ) ) GLOBAL_UNIT_ASSIGNED_CONTEXT ( ( #567, #1910, #1383 ) ) REPRESENTATION_CONTEXT ( 'NONE', 'WORKASPACE' ) );
#1571 = STYLED_ITEM ( 'NONE', ( #895 ), #1388 ) ;
#1572 = ORIENTED_EDGE ( 'NONE', *, *, #299, .T. ) ;
#1573 = CARTESIAN_POINT ( 'NONE',  ( 0.6839204943706771456, 0.8965806903387377735, 0.8354649636295743420 ) ) ;
#1574 = ORIENTED_EDGE ( 'NONE', *, *, #2090, .T. ) ;
#1575 = CARTESIAN_POINT ( 'NONE',  ( 0.4429527811130244408, 0.8965806903387378846, 1.339053783849196710 ) ) ;
#1576 = CARTESIAN_POINT ( 'NONE',  ( 0.5218310588815601170, 0.8965806903387382176, 0.5967762257392000835 ) ) ;
#1577 = PLANE ( 'NONE',  #1808 ) ;
#1578 = ADVANCED_FACE ( 'NONE', ( #1640 ), #982, .T. ) ;
#1579 = ORIENTED_EDGE ( 'NONE', *, *, #1149, .T. ) ;
#1580 = CARTESIAN_POINT ( 'NONE',  ( -0.02120771075752800328, 0.8965806903387377735, 0.8360659251680357951 ) ) ;
#1581 = CARTESIAN_POINT ( 'NONE',  ( -1.011341383892501389, 0.04658069033873783737, 1.600000000000000089 ) ) ;
#1582 = CARTESIAN_POINT ( 'NONE',  ( 0.6832897240664235206, 0.8965806903387376625, 0.7775494455630024282 ) ) ;
#1583 = CARTESIAN_POINT ( 'NONE',  ( 0.1325214222043951950, 0.8465806903387376181, 1.033741122737260820 ) ) ;
#1584 = EDGE_CURVE ( 'NONE', #2161, #255, #2258, .T. ) ;
#1585 = CARTESIAN_POINT ( 'NONE',  ( 0.3789832867210912726, 0.8465806903387377291, 0.3781636089219592711 ) ) ;
#1586 =( GEOMETRIC_REPRESENTATION_CONTEXT ( 3 ) GLOBAL_UNCERTAINTY_ASSIGNED_CONTEXT ( ( #1651 ) ) GLOBAL_UNIT_ASSIGNED_CONTEXT ( ( #1398, #287, #817 ) ) REPRESENTATION_CONTEXT ( 'NONE', 'WORKASPACE' ) );
#1587 = DIRECTION ( 'NONE',  ( 1.000000000000000000, 0.0000000000000000000, -0.0000000000000000000 ) ) ;
#1588 = ORIENTED_EDGE ( 'NONE', *, *, #900, .T. ) ;
#1589 = CARTESIAN_POINT ( 'NONE',  ( 0.6713072439638648747, 0.8965806903387376625, 0.9998585474702639253 ) ) ;
#1590 = CARTESIAN_POINT ( 'NONE',  ( -0.02057203533424094982, 0.8465806903387380622, 0.7779508003273296612 ) ) ;
#1591 = VERTEX_POINT ( 'NONE', #516 ) ;
#1592 = CARTESIAN_POINT ( 'NONE',  ( -1.561341383892501433, 0.8465806903387377291, 1.600000000000000089 ) ) ;
#1593 = CARTESIAN_POINT ( 'NONE',  ( 0.0000000000000000000, 0.0000000000000000000, 1.649999999999999911 ) ) ;
#1594 = DIRECTION ( 'NONE',  ( 0.0000000000000000000, -0.0000000000000000000, -1.000000000000000000 ) ) ;
#1595 = CARTESIAN_POINT ( 'NONE',  ( 0.5639918821587639464, 0.8465806903387375071, 1.249237408889732670 ) ) ;
#1596 = EDGE_CURVE ( 'NONE', #28, #282, #1107, .T. ) ;
#1597 = VERTEX_POINT ( 'NONE', #143 ) ;
#1598 = VERTEX_POINT ( 'NONE', #2213 ) ;
#1599 =( NAMED_UNIT ( * ) PLANE_ANGLE_UNIT ( ) SI_UNIT ( $, .RADIAN. ) );
#1600 = CARTESIAN_POINT ( 'NONE',  ( 0.1272013740080422672, 0.8465806903387377291, 0.6823095902090567932 ) ) ;
#1601 = EDGE_LOOP ( 'NONE', ( #2252, #1553, #2291, #598, #1492, #82, #2396, #1654 ) ) ;
#1602 = CARTESIAN_POINT ( 'NONE',  ( 0.1199677017932577056, 0.8965806903387377735, 0.8516931951085791042 ) ) ;
#1603 = CARTESIAN_POINT ( 'NONE',  ( -0.7647974543472716435, 0.8965806903387377735, 0.4552566302962409162 ) ) ;
#1604 = CARTESIAN_POINT ( 'NONE',  ( 0.4432981443183208747, 0.8965806903387383286, 0.3264148124156427966 ) ) ;
#1605 = DIRECTION ( 'NONE',  ( 1.000000000000000000, 0.0000000000000000000, 0.0000000000000000000 ) ) ;
#1606 = VECTOR ( 'NONE', #525, 1000.000000000000000 ) ;
#1607 = VECTOR ( 'NONE', #417, 1000.000000000000000 ) ;
#1608 = COLOUR_RGB ( '',0.0000000000000000000, 0.0000000000000000000, 0.0000000000000000000 ) ;
#1609 = CARTESIAN_POINT ( 'NONE',  ( 0.2408164119922422131, 0.8965806903387377735, 0.4008750199815371840 ) ) ;
#1610 = AXIS2_PLACEMENT_3D ( 'NONE', #865, #2231, #1637 ) ;
#1611 = VERTEX_POINT ( 'NONE', #1082 ) ;
#1612 = EDGE_CURVE ( 'NONE', #980, #1257, #919, .T. ) ;
#1613 = CARTESIAN_POINT ( 'NONE',  ( 0.6832972425487660040, 0.8465806903387377291, 0.8925820726460145238 ) ) ;
#1614 = VECTOR ( 'NONE', #55, 1000.000000000000000 ) ;
#1615 = ADVANCED_FACE ( 'NONE', ( #2031 ), #154, .T. ) ;
#1616 = VECTOR ( 'NONE', #600, 1000.000000000000000 ) ;
#1617 = CARTESIAN_POINT ( 'NONE',  ( 0.1740811403671093938, 0.8465806903387378402, 0.4919948500370709410 ) ) ;
#1618 = ORIENTED_EDGE ( 'NONE', *, *, #2143, .T. ) ;
#1619 = CARTESIAN_POINT ( 'NONE',  ( 0.1325214222043951950, 0.8465806903387377291, 1.033741122737260820 ) ) ;
#1620 = DIRECTION ( 'NONE',  ( -1.000000000000000000, 0.0000000000000000000, 0.0000000000000000000 ) ) ;
#1621 = DIRECTION ( 'NONE',  ( 0.0000000000000000000, 0.0000000000000000000, -1.000000000000000000 ) ) ;
#1622 = CARTESIAN_POINT ( 'NONE',  ( 0.3309557507809334775, 0.8465806903387378402, 1.294198937988548792 ) ) ;
#1623 = CARTESIAN_POINT ( 'NONE',  ( 0.3554598966352478517, 0.8965806903387378846, 0.3719979744368821506 ) ) ;
#1624 = ORIENTED_EDGE ( 'NONE', *, *, #393, .F. ) ;
#1625 = CARTESIAN_POINT ( 'NONE',  ( 0.1199498590349842020, 0.8965806903387375515, 0.8151626386880528319 ) ) ;
#1626 = EDGE_LOOP ( 'NONE', ( #1988, #521, #1065, #1263, #2155, #2212, #1131, #858 ) ) ;
#1627 = CARTESIAN_POINT ( 'NONE',  ( 0.1398573725676224844, 0.8965806903387379956, 1.075281347006253219 ) ) ;
#1628 = FACE_OUTER_BOUND ( 'NONE', #1525, .T. ) ;
#1629 = ADVANCED_FACE ( 'NONE', ( #1849 ), #324, .F. ) ;
#1630 = ORIENTED_EDGE ( 'NONE', *, *, #2290, .F. ) ;
#1631 = CARTESIAN_POINT ( 'NONE',  ( 0.3309557507809334775, 0.8965806903387377735, 1.294198937988548792 ) ) ;
#1632 = CARTESIAN_POINT ( 'NONE',  ( 0.09910425691632891720, 0.8465806903387375071, 1.249247405673345579 ) ) ;
#1633 = DIRECTION ( 'NONE',  ( 0.0000000000000000000, -0.0000000000000000000, 1.000000000000000000 ) ) ;
#1634 =( NAMED_UNIT ( * ) SI_UNIT ( $, .STERADIAN. ) SOLID_ANGLE_UNIT ( ) );
#1635 = CARTESIAN_POINT ( 'NONE',  ( -0.2904384799882972490, 0.8465806903387377291, 1.332660476450087117 ) ) ;
#1636 = ORIENTED_EDGE ( 'NONE', *, *, #142, .T. ) ;
#1637 = DIRECTION ( 'NONE',  ( -0.9828721869343218787, 0.0000000000000000000, 0.1842885350501852204 ) ) ;
#1638 = ORIENTED_EDGE ( 'NONE', *, *, #1081, .F. ) ;
#1639 = ADVANCED_FACE ( 'NONE', ( #336 ), #57, .T. ) ;
#1640 = FACE_OUTER_BOUND ( 'NONE', #1456, .T. ) ;
#1641 = FACE_OUTER_BOUND ( 'NONE', #743, .T. ) ;
#1642 = CARTESIAN_POINT ( 'NONE',  ( 0.0000000000000000000, 0.0000000000000000000, 0.0000000000000000000 ) ) ;
#1643 = ORIENTED_EDGE ( 'NONE', *, *, #2309, .T. ) ;
#1644 = VECTOR ( 'NONE', #2036, 1000.000000000000000 ) ;
#1645 = DIRECTION ( 'NONE',  ( -0.0000000000000000000, -1.000000000000000000, -0.0000000000000000000 ) ) ;
#1646 = VERTEX_POINT ( 'NONE', #1752 ) ;
#1647 = VECTOR ( 'NONE', #245, 1000.000000000000000 ) ;
#1648 = AXIS2_PLACEMENT_3D ( 'NONE', #601, #1183, #1935 ) ;
#1649 = AXIS2_PLACEMENT_3D ( 'NONE', #291, #1798, #500 ) ;
#1650 = CARTESIAN_POINT ( 'NONE',  ( 0.3309557507809334775, 0.8965806903387377735, 1.294198937988548792 ) ) ;
#1651 = UNCERTAINTY_MEASURE_WITH_UNIT (LENGTH_MEASURE( 1.000000000000000082E-05 ), #1398, 'distance_accuracy_value', 'NONE');
#1652 = VECTOR ( 'NONE', #2267, 1000.000000000000000 ) ;
#1653 = CARTESIAN_POINT ( 'NONE',  ( 0.3309557507809334775, 0.8965806903387377735, 1.294198937988548792 ) ) ;
#1654 = ORIENTED_EDGE ( 'NONE', *, *, #1866, .T. ) ;
#1655 = FACE_OUTER_BOUND ( 'NONE', #1114, .T. ) ;
#1656 = PRESENTATION_STYLE_ASSIGNMENT (( #1455 ) ) ;
#1657 =( NAMED_UNIT ( * ) PLANE_ANGLE_UNIT ( ) SI_UNIT ( $, .RADIAN. ) );
#1658 = EDGE_CURVE ( 'NONE', #2140, #1591, #385, .T. ) ;
#1659 = ORIENTED_EDGE ( 'NONE', *, *, #1016, .F. ) ;
#1660 = CARTESIAN_POINT ( 'NONE',  ( 0.6784258812980514808, 0.8965806903387377735, 0.9476750197717884738 ) ) ;
#1661 = EDGE_CURVE ( 'NONE', #998, #2182, #1947, .T. ) ;
#1662 = DIRECTION ( 'NONE',  ( -0.0000000000000000000, 0.0000000000000000000, 1.000000000000000000 ) ) ;
#1663 = CARTESIAN_POINT ( 'NONE',  ( 0.1228115541241252551, 0.8465806903387370630, 0.7297560521584639526 ) ) ;
#1664 = DIRECTION ( 'NONE',  ( 0.0000000000000000000, 0.0000000000000000000, 1.000000000000000000 ) ) ;
#1665 =( NAMED_UNIT ( * ) PLANE_ANGLE_UNIT ( ) SI_UNIT ( $, .RADIAN. ) );
#1666 = SURFACE_STYLE_FILL_AREA ( #156 ) ;
#1667 = SURFACE_STYLE_FILL_AREA ( #728 ) ;
#1668 = CARTESIAN_POINT ( 'NONE',  ( 0.2549304738386823366, 0.8965806903387376625, 0.3152505073479829889 ) ) ;
#1669 = CARTESIAN_POINT ( 'NONE',  ( -1.561341383892501433, 0.8465806903387377291, 1.600000000000000089 ) ) ;
#1670 = CARTESIAN_POINT ( 'NONE',  ( 0.3309557507809334775, 0.8465806903387378402, 1.294198937988548792 ) ) ;
#1671 = CARTESIAN_POINT ( 'NONE',  ( 1.438658616107498567, 0.04658069033873783737, 1.649999999999999911 ) ) ;
#1672 = CARTESIAN_POINT ( 'NONE',  ( 0.5301979830440612940, 0.8965806903387377735, 1.033743195181927366 ) ) ;
#1673 = FILL_AREA_STYLE ('',( #2420 ) ) ;
#1674 = SURFACE_SIDE_STYLE ('',( #1666 ) ) ;
#1675 = CARTESIAN_POINT ( 'NONE',  ( -0.7647974543472716435, 0.8965806903387377735, 0.4552566302962409162 ) ) ;
#1676 = LINE ( 'NONE', #762, #1531 ) ;
#1677 = CARTESIAN_POINT ( 'NONE',  ( -0.008227623860773974548, 0.8965806903387377735, 1.000008058639286324 ) ) ;
#1678 = CARTESIAN_POINT ( 'NONE',  ( -0.008495782796795489297, 0.8965806903387377735, 0.6690393877774629683 ) ) ;
#1679 = SURFACE_SIDE_STYLE ('',( #169 ) ) ;
#1680 = AXIS2_PLACEMENT_3D ( 'NONE', #1291, #1305, #367 ) ;
#1681 = FACE_OUTER_BOUND ( 'NONE', #730, .T. ) ;
#1682 = STYLED_ITEM ( 'NONE', ( #2123 ), #148 ) ;
#1683 = VECTOR ( 'NONE', #2279, 1000.000000000000000 ) ;
#1684 = EDGE_CURVE ( 'NONE', #618, #199, #16, .T. ) ;
#1685 = VECTOR ( 'NONE', #83, 1000.000000000000000 ) ;
#1686 = SURFACE_SIDE_STYLE ('',( #1117 ) ) ;
#1687 = DIRECTION ( 'NONE',  ( 1.000000000000000000, 0.0000000000000000000, 0.0000000000000000000 ) ) ;
#1688 =( LENGTH_UNIT ( ) NAMED_UNIT ( * ) SI_UNIT ( .MILLI., .METRE. ) );
#1689 = CARTESIAN_POINT ( 'NONE',  ( 0.2554410060466774102, 0.8965806903387375515, 1.350311546398449414 ) ) ;
#1690 = VECTOR ( 'NONE', #708, 1000.000000000000000 ) ;
#1691 = CARTESIAN_POINT ( 'NONE',  ( 0.3309557507809334775, 0.8965806903387377735, 1.294198937988548792 ) ) ;
#1692 = PLANE ( 'NONE',  #652 ) ;
#1693 = CARTESIAN_POINT ( 'NONE',  ( 0.05112355436256735969, 0.8965806903387376625, 0.4879533025124235257 ) ) ;
#1694 = VERTEX_POINT ( 'NONE', #773 ) ;
#1695 = LINE ( 'NONE', #1669, #544 ) ;
#1696 = ORIENTED_EDGE ( 'NONE', *, *, #2232, .F. ) ;
#1697 = CARTESIAN_POINT ( 'NONE',  ( -0.2904384799882972490, 0.8965806903387377735, 1.268557912347523020 ) ) ;
#1698 = UNCERTAINTY_MEASURE_WITH_UNIT (LENGTH_MEASURE( 1.000000000000000082E-05 ), #476, 'distance_accuracy_value', 'NONE');
#1699 = DIRECTION ( 'NONE',  ( -0.0000000000000000000, -1.000000000000000000, -0.0000000000000000000 ) ) ;
#1700 = DIRECTION ( 'NONE',  ( 0.0000000000000000000, -1.000000000000000000, 0.0000000000000000000 ) ) ;
#1701 = DIRECTION ( 'NONE',  ( 1.084202172485504040E-15, -1.000000000000000000, 0.0000000000000000000 ) ) ;
#1702 = FACE_OUTER_BOUND ( 'NONE', #1034, .T. ) ;
#1703 = FACE_OUTER_BOUND ( 'NONE', #1515, .T. ) ;
#1704 = LINE ( 'NONE', #2088, #1776 ) ;
#1705 = EDGE_LOOP ( 'NONE', ( #555, #609, #2013, #940 ) ) ;
#1706 = CARTESIAN_POINT ( 'NONE',  ( 0.1198179302681131181, 0.8965806903387377735, 0.8330611174757280857 ) ) ;
#1707 = CARTESIAN_POINT ( 'NONE',  ( 0.4216895581829079864, 0.8965806903387381066, 0.4008832208227754990 ) ) ;
#1708 = CARTESIAN_POINT ( 'NONE',  ( -0.2904384799882972490, 0.8465806903387377291, 1.268557912347523020 ) ) ;
#1709 = CARTESIAN_POINT ( 'NONE',  ( -0.4571051466549639897, 0.8965806903387377735, 1.268557912347523020 ) ) ;
#1710 = DIRECTION ( 'NONE',  ( -0.0000000000000000000, -0.0000000000000000000, 1.000000000000000000 ) ) ;
#1711 = CARTESIAN_POINT ( 'NONE',  ( 0.2201597447519695605, 0.8965806903387379956, 1.339058741027655985 ) ) ;
#1712 = ADVANCED_FACE ( 'NONE', ( #1159 ), #1562, .T. ) ;
#1713 = ORIENTED_EDGE ( 'NONE', *, *, #2205, .T. ) ;
#1714 = CARTESIAN_POINT ( 'NONE',  ( 0.3182365788786773453, 0.8965806903387378846, 0.3074049512148458452 ) ) ;
#1715 = CARTESIAN_POINT ( 'NONE',  ( 0.5428948533450362879, 0.8965806903387377735, 0.8330611174757280857 ) ) ;
#1716 = SURFACE_STYLE_USAGE ( .BOTH. , #1126 ) ;
#1717 = EDGE_CURVE ( 'NONE', #657, #1598, #1021, .T. ) ;
#1718 = VERTEX_POINT ( 'NONE', #2346 ) ;
#1719 = STYLED_ITEM ( 'NONE', ( #445 ), #713 ) ;
#1720 = ORIENTED_EDGE ( 'NONE', *, *, #364, .T. ) ;
#1721 = EDGE_LOOP ( 'NONE', ( #1981, #1979, #2133, #1588 ) ) ;
#1722 = SURFACE_STYLE_USAGE ( .BOTH. , #1516 ) ;
#1723 = UNCERTAINTY_MEASURE_WITH_UNIT (LENGTH_MEASURE( 1.000000000000000082E-05 ), #277, 'distance_accuracy_value', 'NONE');
#1724 =( NAMED_UNIT ( * ) PLANE_ANGLE_UNIT ( ) SI_UNIT ( $, .RADIAN. ) );
#1725 = CARTESIAN_POINT ( 'NONE',  ( -0.7647974543472716435, 0.8965806903387377735, 1.268557912347523020 ) ) ;
#1726 = CARTESIAN_POINT ( 'NONE',  ( 0.2614129344421012302, 0.8465806903387376181, 0.3876482544628411242 ) ) ;
#1727 = DIRECTION ( 'NONE',  ( -0.0000000000000000000, 0.0000000000000000000, -1.000000000000000000 ) ) ;
#1728 = CARTESIAN_POINT ( 'NONE',  ( 0.1263255140722820413, 0.8465806903387377291, 1.278357971967319706 ) ) ;
#1729 = SURFACE_STYLE_USAGE ( .BOTH. , #1510 ) ;
#1730 = CARTESIAN_POINT ( 'NONE',  ( 0.2044167166520693690, 0.8465806903387371740, 0.4390161467722299982 ) ) ;
#1731 = ORIENTED_EDGE ( 'NONE', *, *, #2271, .F. ) ;
#1732 = CARTESIAN_POINT ( 'NONE',  ( -0.02120771075752800328, 0.8465806903387377291, 0.8360659251680357951 ) ) ;
#1733 = LINE ( 'NONE', #634, #769 ) ;
#1734 = LINE ( 'NONE', #751, #2078 ) ;
#1735 = CARTESIAN_POINT ( 'NONE',  ( 0.2833192048851366773, 0.8965806903387381066, 0.3781574629452920666 ) ) ;
#1736 = AXIS2_PLACEMENT_3D ( 'NONE', #124, #2163, #2176 ) ;
#1737 = ORIENTED_EDGE ( 'NONE', *, *, #225, .T. ) ;
#1738 = CARTESIAN_POINT ( 'NONE',  ( -1.661341383892501522, 0.9465806903387379290, 1.649999999999999911 ) ) ;
#1739 = CARTESIAN_POINT ( 'NONE',  ( 0.8886586161074986334, 0.04658069033873783737, 1.649999999999999911 ) ) ;
#1740 = B_SPLINE_SURFACE_WITH_KNOTS ( 'NONE', 3, 1, ( 
 ( #1580, #1732 ),
 ( #2339, #1913 ),
 ( #778, #1541 ),
 ( #48, #222 ),
 ( #251, #1180 ),
 ( #789, #1347 ),
 ( #1554, #2300 ),
 ( #1395, #965 ),
 ( #2102, #239 ),
 ( #1003, #2313 ),
 ( #610, #2128 ),
 ( #431, #599 ),
 ( #77, #2115 ),
 ( #1526, #1939 ),
 ( #2282, #814 ),
 ( #633, #996 ),
 ( #950, #800 ),
 ( #1714, #1755 ),
 ( #2149, #60 ) ),
 .UNSPECIFIED., .F., .F., .F.,
 ( 4, 1, 1, 1, 1, 1, 1, 1, 1, 1, 1, 1, 1, 1, 1, 1, 4 ),
 ( 2, 2 ),
 ( 0.0000000000000000000, 0.08319510541156728556, 0.1621226245073326966, 0.2370024975612640972, 0.3087195528983417980, 0.3770730802210883192, 0.4424759990464936510, 0.5056533792963598950, 0.5671087375940823128, 0.6261469739462710571, 0.6818116923810174645, 0.7354199516619605026, 0.7878156742269278867, 0.8392714731787260796, 0.8913438162819309341, 0.9446532046050551967, 0.9999999999999998890 ),
 ( 0.0000000000000000000, 1.000000000000000000 ),
 .UNSPECIFIED. ) ;
#1741 = CARTESIAN_POINT ( 'NONE',  ( 0.4405139961077561006, 0.8465806903387376181, 0.4182049344085660425 ) ) ;
#1742 = FILL_AREA_STYLE ('',( #1550 ) ) ;
#1743 = CARTESIAN_POINT ( 'NONE',  ( -1.661341383892501522, 0.9465806903387379290, 1.649999999999999911 ) ) ;
#1744 = CARTESIAN_POINT ( 'NONE',  ( 0.6308934994035184651, 0.8965806903387377735, 1.138585600016015054 ) ) ;
#1745 = CARTESIAN_POINT ( 'NONE',  ( 0.0000000000000000000, 0.04658069033873783737, 1.649999999999999911 ) ) ;
#1746 = CARTESIAN_POINT ( 'NONE',  ( 0.4010581384451283871, 0.8965806903387376625, 0.3875937881804016327 ) ) ;
#1747 = CARTESIAN_POINT ( 'NONE',  ( 0.3313563918065747238, 0.8465806903387378402, 0.3070194508090614560 ) ) ;
#1748 = ORIENTED_EDGE ( 'NONE', *, *, #477, .F. ) ;
#1749 = FACE_OUTER_BOUND ( 'NONE', #956, .T. ) ;
#1750 = CARTESIAN_POINT ( 'NONE',  ( 0.3309557507809334775, 0.8965806903387377735, 1.294198937988548792 ) ) ;
#1751 = CARTESIAN_POINT ( 'NONE',  ( 0.5428948533450362879, 0.8965806903387377735, 0.8330611174757280857 ) ) ;
#1752 = CARTESIAN_POINT ( 'NONE',  ( 0.8886586161074986334, -0.05341930966126209879, 1.649999999999999911 ) ) ;
#1753 = LINE ( 'NONE', #248, #2157 ) ;
#1754 = ORIENTED_EDGE ( 'NONE', *, *, #85, .T. ) ;
#1755 = CARTESIAN_POINT ( 'NONE',  ( 0.3182365788786773453, 0.8465806903387378402, 0.3074049512148458452 ) ) ;
#1756 = CARTESIAN_POINT ( 'NONE',  ( 0.3564680952072517561, 0.8465806903387380622, 1.293244929054274239 ) ) ;
#1757 = LINE ( 'NONE', #2330, #577 ) ;
#1758 = CARTESIAN_POINT ( 'NONE',  ( 0.1716968165592239470, 0.8465806903387377291, 1.178427833809978509 ) ) ;
#1759 =( NAMED_UNIT ( * ) PLANE_ANGLE_UNIT ( ) SI_UNIT ( $, .RADIAN. ) );
#1760 = ORIENTED_EDGE ( 'NONE', *, *, #869, .F. ) ;
#1761 = CARTESIAN_POINT ( 'NONE',  ( 0.6832897240664235206, 0.8465806903387375071, 0.7775494455630024282 ) ) ;
#1762 = ORIENTED_EDGE ( 'NONE', *, *, #1232, .F. ) ;
#1763 = DIRECTION ( 'NONE',  ( -0.9828721869343218787, 0.0000000000000000000, 0.1842885350501854147 ) ) ;
#1764 = CARTESIAN_POINT ( 'NONE',  ( 0.5425040321663984200, 0.8965806903387382176, 0.7803474981218917472 ) ) ;
#1765 = AXIS2_PLACEMENT_3D ( 'NONE', #2072, #2296, #1727 ) ;
#1766 = ADVANCED_FACE ( 'NONE', ( #1628 ), #856, .T. ) ;
#1767 = ORIENTED_EDGE ( 'NONE', *, *, #1351, .T. ) ;
#1768 = SURFACE_STYLE_USAGE ( .BOTH. , #2141 ) ;
#1769 = CARTESIAN_POINT ( 'NONE',  ( 0.5359051035812240071, 0.8465806903387378402, 0.9886782724339527872 ) ) ;
#1770 =( LENGTH_UNIT ( ) NAMED_UNIT ( * ) SI_UNIT ( .MILLI., .METRE. ) );
#1771 = VECTOR ( 'NONE', #1868, 1000.000000000000000 ) ;
#1772 = PRESENTATION_STYLE_ASSIGNMENT (( #1389 ) ) ;
#1773 = CARTESIAN_POINT ( 'NONE',  ( 0.6308934994035184651, 0.8465806903387377291, 1.138585600016015054 ) ) ;
#1774 = VECTOR ( 'NONE', #331, 1000.000000000000000 ) ;
#1775 = VECTOR ( 'NONE', #892, 1000.000000000000000 ) ;
#1776 = VECTOR ( 'NONE', #390, 1000.000000000000000 ) ;
#1777 = ORIENTED_EDGE ( 'NONE', *, *, #1167, .T. ) ;
#1778 = CARTESIAN_POINT ( 'NONE',  ( 0.4762983709749677996, 0.8965806903387375515, 1.323292390460195866 ) ) ;
#1779 =( NAMED_UNIT ( * ) SI_UNIT ( $, .STERADIAN. ) SOLID_ANGLE_UNIT ( ) );
#1780 = ORIENTED_EDGE ( 'NONE', *, *, #2090, .F. ) ;
#1781 = EDGE_CURVE ( 'NONE', #2281, #64, #2381, .T. ) ;
#1782 = EDGE_CURVE ( 'NONE', #1591, #149, #2195, .T. ) ;
#1783 = CARTESIAN_POINT ( 'NONE',  ( 0.4436258037187578718, 0.8465806903387375071, 1.249238303235020497 ) ) ;
#1784 = CARTESIAN_POINT ( 'NONE',  ( 0.3309557507809334775, 0.8465806903387377291, 0.3711220149116255529 ) ) ;
#1785 = CARTESIAN_POINT ( 'NONE',  ( -0.4571051466549639897, 0.8965806903387377735, 1.268557912347523020 ) ) ;
#1786 = VECTOR ( 'NONE', #492, 1000.000000000000000 ) ;
#1787 = ORIENTED_EDGE ( 'NONE', *, *, #1658, .T. ) ;
#1788 = PRESENTATION_STYLE_ASSIGNMENT (( #487 ) ) ;
#1789 = CARTESIAN_POINT ( 'NONE',  ( 0.03166464223067567280, 0.8465806903387376181, 0.5286002946581609407 ) ) ;
#1790 = EDGE_LOOP ( 'NONE', ( #874, #1731, #2114, #1144 ) ) ;
#1791 =( NAMED_UNIT ( * ) SI_UNIT ( $, .STERADIAN. ) SOLID_ANGLE_UNIT ( ) );
#1792 = DIRECTION ( 'NONE',  ( 0.0000000000000000000, 0.0000000000000000000, 1.000000000000000000 ) ) ;
#1793 = CARTESIAN_POINT ( 'NONE',  ( 0.3313563918065747238, 0.8965806903387377735, 0.3070194508090614560 ) ) ;
#1794 = CARTESIAN_POINT ( 'NONE',  ( -1.561341383892501433, 0.04658069033873783737, 1.600000000000000089 ) ) ;
#1795 = ADVANCED_FACE ( 'NONE', ( #2173 ), #1577, .T. ) ;
#1796 = ADVANCED_FACE ( 'NONE', ( #84 ), #1393, .T. ) ;
#1797 = EDGE_LOOP ( 'NONE', ( #1760, #1696, #2004, #1967 ) ) ;
#1798 = DIRECTION ( 'NONE',  ( 1.000000000000000000, 0.0000000000000000000, -0.0000000000000000000 ) ) ;
#1799 = CARTESIAN_POINT ( 'NONE',  ( 0.2408164119922422131, 0.8465806903387371740, 0.4008750199815371840 ) ) ;
#1800 = SURFACE_SIDE_STYLE ('',( #1240 ) ) ;
#1801 = ORIENTED_EDGE ( 'NONE', *, *, #1278, .T. ) ;
#1802 = CARTESIAN_POINT ( 'NONE',  ( 0.1488145049828982214, 0.8965806903387377735, 1.113228321282204059 ) ) ;
#1803 = CARTESIAN_POINT ( 'NONE',  ( 0.6837065680587041117, 0.8965806903387376625, 0.8158228639580513697 ) ) ;
#1804 = FACE_OUTER_BOUND ( 'NONE', #229, .T. ) ;
#1805 = STYLED_ITEM ( 'NONE', ( #472 ), #1193 ) ;
#1806 = PRESENTATION_LAYER_ASSIGNMENT (  '', '', ( #419 ) ) ;
#1807 = CARTESIAN_POINT ( 'NONE',  ( 0.1228115541241252551, 0.8965806903387376625, 0.7297560521584639526 ) ) ;
#1808 = AXIS2_PLACEMENT_3D ( 'NONE', #2337, #1416, #843 ) ;
#1809 = VERTEX_POINT ( 'NONE', #1991 ) ;
#1810 = EDGE_CURVE ( 'NONE', #2182, #1417, #1013, .T. ) ;
#1811 = VECTOR ( 'NONE', #2177, 1000.000000000000000 ) ;
#1813 = CARTESIAN_POINT ( 'NONE',  ( 0.002030564244287241804, 0.8465806903387377291, 1.049141407928913416 ) ) ;
#1812 = VECTOR ( 'NONE', #1108, 1000.000000000000000 ) ;
#1814 = CARTESIAN_POINT ( 'NONE',  ( 0.1332014758736038695, 0.8465806903387378402, 0.6379981927381299656 ) ) ;
#1815 = ORIENTED_EDGE ( 'NONE', *, *, #915, .T. ) ;
#1816 = CARTESIAN_POINT ( 'NONE',  ( 0.3223778243185810854, 0.8465806903387377291, 1.293875151677094992 ) ) ;
#1817 = CARTESIAN_POINT ( 'NONE',  ( 0.2927669040100374653, 0.8465806903387378402, 1.357107104265523834 ) ) ;
#1818 = CARTESIAN_POINT ( 'NONE',  ( 0.5890484424732407298, 0.8965806903387381066, 0.4506053791986588397 ) ) ;
#1819 = ORIENTED_EDGE ( 'NONE', *, *, #186, .T. ) ;
#1820 = CARTESIAN_POINT ( 'NONE',  ( -0.7647974543472716435, 0.8465806903387377291, 1.332660476450087117 ) ) ;
#1821 = COLOUR_RGB ( '',1.000000000000000000, 1.000000000000000000, 1.000000000000000000 ) ;
#1822 = ORIENTED_EDGE ( 'NONE', *, *, #1972, .F. ) ;
#1823 = EDGE_CURVE ( 'NONE', #781, #199, #498, .T. ) ;
#1824 = DIRECTION ( 'NONE',  ( 0.0000000000000000000, -1.000000000000000000, 0.0000000000000000000 ) ) ;
#1825 = UNCERTAINTY_MEASURE_WITH_UNIT (LENGTH_MEASURE( 1.000000000000000082E-05 ), #326, 'distance_accuracy_value', 'NONE');
#1826 = VERTEX_POINT ( 'NONE', #2029 ) ;
#1827 = CARTESIAN_POINT ( 'NONE',  ( 0.1225911524070729813, 0.8965806903387382176, 0.9400338174939871783 ) ) ;
#1828 = CARTESIAN_POINT ( 'NONE',  ( -0.01590476857470029745, 0.8465806903387378402, 0.9480475299017940838 ) ) ;
#1829 = DIRECTION ( 'NONE',  ( 0.0000000000000000000, 0.0000000000000000000, 1.000000000000000000 ) ) ;
#1830 = ORIENTED_EDGE ( 'NONE', *, *, #1218, .T. ) ;
#1831 = DIRECTION ( 'NONE',  ( 1.000000000000000000, 0.0000000000000000000, 0.0000000000000000000 ) ) ;
#1832 = CARTESIAN_POINT ( 'NONE',  ( 1.438658616107498345, 0.04658069033873783737, 0.05000000000000000278 ) ) ;
#1833 = ORIENTED_EDGE ( 'NONE', *, *, #798, .T. ) ;
#1834 = VERTEX_POINT ( 'NONE', #161 ) ;
#1835 = EDGE_CURVE ( 'NONE', #149, #28, #1481, .T. ) ;
#1836 = DIRECTION ( 'NONE',  ( 0.0000000000000000000, 1.000000000000000000, -0.0000000000000000000 ) ) ;
#1837 = DIRECTION ( 'NONE',  ( 1.000000000000000000, 0.0000000000000000000, -0.0000000000000000000 ) ) ;
#1838 = CARTESIAN_POINT ( 'NONE',  ( 0.8886586161074986334, -0.05341930966126209879, 0.0000000000000000000 ) ) ;
#1839 = SURFACE_STYLE_USAGE ( .BOTH. , #327 ) ;
#1840 = VERTEX_POINT ( 'NONE', #1463 ) ;
#1841 = CARTESIAN_POINT ( 'NONE',  ( 0.3309557507809334775, 0.8965806903387381066, 0.3711220149116255529 ) ) ;
#1842 = EDGE_LOOP ( 'NONE', ( #1069, #392, #1438, #628 ) ) ;
#1843 = COLOUR_RGB ( '',1.000000000000000000, 1.000000000000000000, 1.000000000000000000 ) ;
#1844 = CARTESIAN_POINT ( 'NONE',  ( 0.1199677017932577056, 0.8965806903387377735, 0.8516931951085791042 ) ) ;
#1845 = MECHANICAL_DESIGN_GEOMETRIC_PRESENTATION_REPRESENTATION (  '', ( #656 ), #1927 ) ;
#1846 = DIRECTION ( 'NONE',  ( -0.0000000000000000000, -0.0000000000000000000, -1.000000000000000000 ) ) ;
#1847 = AXIS2_PLACEMENT_3D ( 'NONE', #2314, #779, #816 ) ;
#1848 = CARTESIAN_POINT ( 'NONE',  ( 0.4035834151045267215, 0.8965806903387378846, 1.278600229212216277 ) ) ;
#1849 = FACE_OUTER_BOUND ( 'NONE', #761, .T. ) ;
#1850 =( NAMED_UNIT ( * ) PLANE_ANGLE_UNIT ( ) SI_UNIT ( $, .RADIAN. ) );
#1851 = FILL_AREA_STYLE_COLOUR ( '', #1200 ) ;
#1852 = SURFACE_STYLE_FILL_AREA ( #1864 ) ;
#1853 = EDGE_CURVE ( 'NONE', #805, #845, #556, .T. ) ;
#1854 = FACE_OUTER_BOUND ( 'NONE', #2379, .T. ) ;
#1855 = CARTESIAN_POINT ( 'NONE',  ( -0.02120771075752800328, 0.8965806903387377735, 0.8360659251680357951 ) ) ;
#1856 = CARTESIAN_POINT ( 'NONE',  ( 1.438658616107498345, 0.04658069033873783737, 0.0000000000000000000 ) ) ;
#1857 = DIRECTION ( 'NONE',  ( 1.000000000000000000, 0.0000000000000000000, -0.0000000000000000000 ) ) ;
#1858 = CARTESIAN_POINT ( 'NONE',  ( 0.2194094747456810657, 0.8465806903387379512, 0.3264062327327172386 ) ) ;
#1859 = CARTESIAN_POINT ( 'NONE',  ( 0.1199498590349842020, 0.8965806903387378846, 0.8151626386880528319 ) ) ;
#1860 = CARTESIAN_POINT ( 'NONE',  ( 0.6712304806860389661, 0.8465806903387379512, 0.6687712951116443483 ) ) ;
#1861 = CARTESIAN_POINT ( 'NONE',  ( 0.3808809220306975107, 0.8965806903387374405, 1.287623527370688414 ) ) ;
#1862 = APPLICATION_PROTOCOL_DEFINITION ( 'draft international standard', 'automotive_design', 1998, #344 ) ;
#1863 = CARTESIAN_POINT ( 'NONE',  ( 1.438658616107498567, 0.04658069033873783737, 1.600000000000000089 ) ) ;
#1864 = FILL_AREA_STYLE ('',( #2012 ) ) ;
#1865 = DIRECTION ( 'NONE',  ( 0.0000000000000000000, 1.000000000000000000, 0.0000000000000000000 ) ) ;
#1866 = EDGE_CURVE ( 'NONE', #2093, #328, #2221, .T. ) ;
#1867 = CARTESIAN_POINT ( 'NONE',  ( 0.3313563918065747238, 0.8965806903387377735, 0.3070194508090614560 ) ) ;
#1868 = DIRECTION ( 'NONE',  ( -0.0000000000000000000, -0.0000000000000000000, -1.000000000000000000 ) ) ;
#1869 = EDGE_CURVE ( 'NONE', #452, #64, #153, .T. ) ;
#1870 = CARTESIAN_POINT ( 'NONE',  ( 0.09833351702238703196, 0.8465806903387377291, 0.4169673508019873243 ) ) ;
#1871 = CARTESIAN_POINT ( 'NONE',  ( 0.8886586161074985224, 0.9465806903387378179, 1.649999999999999911 ) ) ;
#1872 = CARTESIAN_POINT ( 'NONE',  ( -1.561341383892501433, 0.8465806903387377291, 1.649999999999999911 ) ) ;
#1873 = CARTESIAN_POINT ( 'NONE',  ( -0.02120771075752800328, 0.8465806903387377291, 0.8360659251680357951 ) ) ;
#1874 = CARTESIAN_POINT ( 'NONE',  ( 0.05166501268848828349, 0.8465806903387376181, 1.178856549315980828 ) ) ;
#1875 = CARTESIAN_POINT ( 'NONE',  ( -1.011341383892501833, 0.8465806903387377291, 1.649999999999999911 ) ) ;
#1876 = MECHANICAL_DESIGN_GEOMETRIC_PRESENTATION_REPRESENTATION (  '', ( #1719 ), #2316 ) ;
#1877 = DIRECTION ( 'NONE',  ( 0.0000000000000000000, -0.0000000000000000000, 1.000000000000000000 ) ) ;
#1878 =( GEOMETRIC_REPRESENTATION_CONTEXT ( 3 ) GLOBAL_UNCERTAINTY_ASSIGNED_CONTEXT ( ( #189 ) ) GLOBAL_UNIT_ASSIGNED_CONTEXT ( ( #192, #1484, #358 ) ) REPRESENTATION_CONTEXT ( 'NONE', 'WORKASPACE' ) );
#1879 = VERTEX_POINT ( 'NONE', #1670 ) ;
#1880 =( LENGTH_UNIT ( ) NAMED_UNIT ( * ) SI_UNIT ( .MILLI., .METRE. ) );
#1881 = COLOUR_RGB ( '',0.0000000000000000000, 0.0000000000000000000, 0.0000000000000000000 ) ;
#1882 = FACE_OUTER_BOUND ( 'NONE', #882, .T. ) ;
#1883 = VECTOR ( 'NONE', #771, 1000.000000000000000 ) ;
#1884 = CARTESIAN_POINT ( 'NONE',  ( 0.8886586161074986334, 0.04658069033873783737, 0.0000000000000000000 ) ) ;
#1885 = CARTESIAN_POINT ( 'NONE',  ( 0.5139667655189662510, 0.8965806903387376625, 1.113270606177985345 ) ) ;
#1886 = CARTESIAN_POINT ( 'NONE',  ( -1.661341383892501522, -0.05341930966126216818, 0.0000000000000000000 ) ) ;
#1887 = PRESENTATION_LAYER_ASSIGNMENT (  '', '', ( #1571 ) ) ;
#1888 =( LENGTH_UNIT ( ) NAMED_UNIT ( * ) SI_UNIT ( .MILLI., .METRE. ) );
#1889 = CARTESIAN_POINT ( 'NONE',  ( -0.5981307876806049029, 0.8965806903387377735, 1.268557912347523020 ) ) ;
#1890 = CARTESIAN_POINT ( 'NONE',  ( 0.3309557507809334775, 0.8965806903387381066, 0.3711220149116255529 ) ) ;
#1891 = DIRECTION ( 'NONE',  ( -1.000000000000000000, 0.0000000000000000000, 0.0000000000000000000 ) ) ;
#1892 = VERTEX_POINT ( 'NONE', #714 ) ;
#1893 = ORIENTED_EDGE ( 'NONE', *, *, #511, .F. ) ;
#1894 =( LENGTH_UNIT ( ) NAMED_UNIT ( * ) SI_UNIT ( .MILLI., .METRE. ) );
#1895 = UNCERTAINTY_MEASURE_WITH_UNIT (LENGTH_MEASURE( 1.000000000000000082E-05 ), #2422, 'distance_accuracy_value', 'NONE');
#1896 = CARTESIAN_POINT ( 'NONE',  ( 0.4740999071874389958, 0.8465806903387375071, 0.4637072580584614689 ) ) ;
#1897 = FILL_AREA_STYLE ('',( #918 ) ) ;
#1898 = EDGE_CURVE ( 'NONE', #141, #692, #1067, .T. ) ;
#1899 = DIRECTION ( 'NONE',  ( -0.0000000000000000000, -1.000000000000000000, -0.0000000000000000000 ) ) ;
#1900 = CARTESIAN_POINT ( 'NONE',  ( 0.3183067215355074864, 0.8965806903387378846, 1.357897596813110619 ) ) ;
#1901 = ORIENTED_EDGE ( 'NONE', *, *, #1835, .F. ) ;
#1902 = LINE ( 'NONE', #1715, #311 ) ;
#1903 = DIRECTION ( 'NONE',  ( -0.0000000000000000000, 1.000000000000000000, -0.0000000000000000000 ) ) ;
#1904 = CARTESIAN_POINT ( 'NONE',  ( 1.438658616107498345, 0.8465806903387377291, 0.0000000000000000000 ) ) ;
#1905 = FILL_AREA_STYLE ('',( #1311 ) ) ;
#1906 = ORIENTED_EDGE ( 'NONE', *, *, #1351, .F. ) ;
#1907 = CARTESIAN_POINT ( 'NONE',  ( 0.6308628849060378130, 0.8965806903387375515, 0.5285981189078154951 ) ) ;
#1908 = CARTESIAN_POINT ( 'NONE',  ( 0.4245212180927750989, 0.8965806903387377735, 1.265718135936277466 ) ) ;
#1909 = CARTESIAN_POINT ( 'NONE',  ( 0.4432981443183208747, 0.8465806903387382842, 0.3264148124156427966 ) ) ;
#1910 =( NAMED_UNIT ( * ) PLANE_ANGLE_UNIT ( ) SI_UNIT ( $, .RADIAN. ) );
#1911 =( NAMED_UNIT ( * ) PLANE_ANGLE_UNIT ( ) SI_UNIT ( $, .RADIAN. ) );
#1912 = ORIENTED_EDGE ( 'NONE', *, *, #2143, .F. ) ;
#1913 = CARTESIAN_POINT ( 'NONE',  ( -0.02099213284611739158, 0.8465806903387379512, 0.8163572235640902397 ) ) ;
#1914 = FACE_OUTER_BOUND ( 'NONE', #2107, .T. ) ;
#1915 = DIRECTION ( 'NONE',  ( 0.0000000000000000000, 0.0000000000000000000, -1.000000000000000000 ) ) ;
#1916 = CARTESIAN_POINT ( 'NONE',  ( 0.3309557507809334775, 0.8465806903387371740, 0.3711220149116255529 ) ) ;
#1917 = B_SPLINE_CURVE_WITH_KNOTS ( 'NONE', 3,
 ( #307, #481, #1817, #672, #1429, #1243, #860, #2188, #1632, #2385, #685, #871, #2198, #505, #1061, #1828, #568, #909, #163 ),
 .UNSPECIFIED., .F., .F.,
 ( 4, 1, 1, 1, 1, 1, 1, 1, 1, 1, 1, 1, 1, 1, 1, 1, 4 ),
 ( 0.0000000000000000000, 0.05559557787374099641, 0.1088074169403732416, 0.1611100312720282479, 0.2130613461325858160, 0.2655680569351900333, 0.3195088592709766639, 0.3756952059016407941, 0.4350738464319251486, 0.4967812044755208212, 0.5600542557910349606, 0.6256567348298684994, 0.6939283669497716689, 0.7649434400649646193, 0.8394578503306326933, 0.9177037739144731088, 1.000000000000000000 ),
 .UNSPECIFIED. ) ;
#1918 = VERTEX_POINT ( 'NONE', #2428 ) ;
#1919 = CARTESIAN_POINT ( 'NONE',  ( 0.3702324943280491665, 0.8465806903387377291, 0.3081623828482307759 ) ) ;
#1920 = ORIENTED_EDGE ( 'NONE', *, *, #653, .T. ) ;
#1921 = COLOUR_RGB ( '',0.0000000000000000000, 0.0000000000000000000, 0.0000000000000000000 ) ;
#1922 = UNCERTAINTY_MEASURE_WITH_UNIT (LENGTH_MEASURE( 1.000000000000000082E-05 ), #567, 'distance_accuracy_value', 'NONE');
#1923 = CARTESIAN_POINT ( 'NONE',  ( 0.5124689326209735940, 0.8465806903387376181, 0.5586792895112109303 ) ) ;
#1924 =( GEOMETRIC_REPRESENTATION_CONTEXT ( 3 ) GLOBAL_UNCERTAINTY_ASSIGNED_CONTEXT ( ( #2243 ) ) GLOBAL_UNIT_ASSIGNED_CONTEXT ( ( #2138, #426, #945 ) ) REPRESENTATION_CONTEXT ( 'NONE', 'WORKASPACE' ) );
#1925 = CARTESIAN_POINT ( 'NONE',  ( 0.3227707053187750530, 0.8465806903387378402, 0.3714175889941453423 ) ) ;
#1926 = PLANE ( 'NONE',  #227 ) ;
#1927 =( GEOMETRIC_REPRESENTATION_CONTEXT ( 3 ) GLOBAL_UNCERTAINTY_ASSIGNED_CONTEXT ( ( #867 ) ) GLOBAL_UNIT_ASSIGNED_CONTEXT ( ( #1880, #974, #1560 ) ) REPRESENTATION_CONTEXT ( 'NONE', 'WORKASPACE' ) );
#1928 = ORIENTED_EDGE ( 'NONE', *, *, #575, .T. ) ;
#1929 = AXIS2_PLACEMENT_3D ( 'NONE', #1244, #262, #1633 ) ;
#1930 = VECTOR ( 'NONE', #718, 1000.000000000000000 ) ;
#1931 = CARTESIAN_POINT ( 'NONE',  ( 0.6837090702242548668, 0.8965806903387377735, 0.8548406567208091111 ) ) ;
#1932 = CARTESIAN_POINT ( 'NONE',  ( 0.4405139961077561006, 0.8965806903387377735, 0.4182049344085660425 ) ) ;
#1933 = ADVANCED_FACE ( 'NONE', ( #1681 ), #140, .T. ) ;
#1934 = VECTOR ( 'NONE', #912, 1000.000000000000000 ) ;
#1935 = DIRECTION ( 'NONE',  ( -0.0000000000000000000, 0.0000000000000000000, -1.000000000000000000 ) ) ;
#1936 = VERTEX_POINT ( 'NONE', #356 ) ;
#1937 = CARTESIAN_POINT ( 'NONE',  ( 0.4908300824763563996, 0.8965806903387376625, 1.178432316945611458 ) ) ;
#1938 = EDGE_CURVE ( 'NONE', #64, #576, #690, .T. ) ;
#1939 = CARTESIAN_POINT ( 'NONE',  ( 0.1859272762817627267, 0.8465806903387376181, 0.3422699313366581175 ) ) ;
#1940 = CARTESIAN_POINT ( 'NONE',  ( 0.4075499910174856244, 0.8965806903387377735, 1.350370309108458899 ) ) ;
#1941 = EDGE_CURVE ( 'NONE', #2087, #1879, #705, .T. ) ;
#1942 = LINE ( 'NONE', #1248, #1482 ) ;
#1943 = EDGE_CURVE ( 'NONE', #1611, #438, #2407, .T. ) ;
#1944 = ORIENTED_EDGE ( 'NONE', *, *, #653, .F. ) ;
#1945 = CARTESIAN_POINT ( 'NONE',  ( 0.6472047949489364571, 0.8965806903387377735, 0.5722839513722062232 ) ) ;
#1946 = CARTESIAN_POINT ( 'NONE',  ( 0.5639918821587639464, 0.8465806903387373961, 1.249237408889732670 ) ) ;
#1947 = LINE ( 'NONE', #1709, #1683 ) ;
#1948 = EDGE_LOOP ( 'NONE', ( #1630, #442, #1787, #1340 ) ) ;
#1949 = PRESENTATION_STYLE_ASSIGNMENT (( #1768 ) ) ;
#1950 = CARTESIAN_POINT ( 'NONE',  ( 1.438658616107498567, 0.8465806903387377291, 1.600000000000000089 ) ) ;
#1951 = EDGE_CURVE ( 'NONE', #2182, #1257, #619, .T. ) ;
#1952 = CARTESIAN_POINT ( 'NONE',  ( 0.3309557507809334775, 0.8965806903387381066, 0.3711220149116255529 ) ) ;
#1953 = B_SPLINE_SURFACE_WITH_KNOTS ( 'NONE', 3, 1, ( 
 ( #1139, #237 ),
 ( #1900, #205 ),
 ( #2311, #775 ),
 ( #946, #608 ),
 ( #1711, #1150 ),
 ( #18, #760 ),
 ( #1523, #585 ),
 ( #962, #1728 ),
 ( #2063, #2297 ),
 ( #1362, #361 ),
 ( #1110, #1874 ),
 ( #1277, #905 ),
 ( #1521, #2112 ),
 ( #1045, #1813 ),
 ( #1677, #2434 ),
 ( #854, #2380 ),
 ( #319, #711 ),
 ( #2065, #2038 ),
 ( #167, #181 ) ),
 .UNSPECIFIED., .F., .F., .F.,
 ( 4, 1, 1, 1, 1, 1, 1, 1, 1, 1, 1, 1, 1, 1, 1, 1, 4 ),
 ( 2, 2 ),
 ( 0.0000000000000000000, 0.05559557787374099641, 0.1088074169403732416, 0.1611100312720282479, 0.2130613461325858160, 0.2655680569351900333, 0.3195088592709766639, 0.3756952059016407941, 0.4350738464319251486, 0.4967812044755208212, 0.5600542557910349606, 0.6256567348298684994, 0.6939283669497716689, 0.7649434400649646193, 0.8394578503306326933, 0.9177037739144731088, 1.000000000000000000 ),
 ( 0.0000000000000000000, 1.000000000000000000 ),
 .UNSPECIFIED. ) ;
#1954 = VERTEX_POINT ( 'NONE', #755 ) ;
#1955 = CARTESIAN_POINT ( 'NONE',  ( -1.011341383892501389, -0.05341930966126220981, 1.649999999999999911 ) ) ;
#1956 = ADVANCED_FACE ( 'NONE', ( #745, #200 ), #1548, .T. ) ;
#1957 = CARTESIAN_POINT ( 'NONE',  ( 0.1502919810540895296, 0.8465806903387377291, 0.5587019556215456761 ) ) ;
#1958 = VECTOR ( 'NONE', #747, 1000.000000000000000 ) ;
#1959 = PRESENTATION_LAYER_ASSIGNMENT (  '', '', ( #1374 ) ) ;
#1960 = EDGE_LOOP ( 'NONE', ( #52, #1423, #2186, #1379 ) ) ;
#1961 = PRESENTATION_STYLE_ASSIGNMENT (( #1203 ) ) ;
#1962 = CARTESIAN_POINT ( 'NONE',  ( 0.6713072439638648747, 0.8965806903387376625, 0.9998585474702639253 ) ) ;
#1963 = FILL_AREA_STYLE ('',( #673 ) ) ;
#1964 = DIRECTION ( 'NONE',  ( 0.0000000000000000000, -0.0000000000000000000, -1.000000000000000000 ) ) ;
#1965 = MECHANICAL_DESIGN_GEOMETRIC_PRESENTATION_REPRESENTATION (  '', ( #697 ), #1413 ) ;
#1966 = PRESENTATION_LAYER_ASSIGNMENT (  '', '', ( #2280 ) ) ;
#1967 = ORIENTED_EDGE ( 'NONE', *, *, #1941, .T. ) ;
#1968 = CARTESIAN_POINT ( 'NONE',  ( 0.4429527811130244408, 0.8465806903387377291, 1.339053783849196710 ) ) ;
#1969 = CARTESIAN_POINT ( 'NONE',  ( 0.001846236143139150720, 0.8465806903387378402, 0.6191464050661656948 ) ) ;
#1970 = EDGE_CURVE ( 'NONE', #282, #2218, #1146, .T. ) ;
#1971 = ORIENTED_EDGE ( 'NONE', *, *, #1951, .T. ) ;
#1972 = EDGE_CURVE ( 'NONE', #452, #1936, #957, .T. ) ;
#1973 =( NAMED_UNIT ( * ) PLANE_ANGLE_UNIT ( ) SI_UNIT ( $, .RADIAN. ) );
#1974 = CARTESIAN_POINT ( 'NONE',  ( 0.1740811403671093938, 0.8965806903387382176, 0.4919948500370709410 ) ) ;
#1975 = LINE ( 'NONE', #1031, #1380 ) ;
#1976 = CARTESIAN_POINT ( 'NONE',  ( 0.2588842143304361243, 0.8465806903387379512, 1.278548355700237726 ) ) ;
#1977 =( LENGTH_UNIT ( ) NAMED_UNIT ( * ) SI_UNIT ( .MILLI., .METRE. ) );
#1978 = VECTOR ( 'NONE', #126, 1000.000000000000000 ) ;
#1979 = ORIENTED_EDGE ( 'NONE', *, *, #2309, .F. ) ;
#1980 = CARTESIAN_POINT ( 'NONE',  ( 0.2588842143304361243, 0.8965806903387379956, 1.278548355700237726 ) ) ;
#1981 = ORIENTED_EDGE ( 'NONE', *, *, #1149, .F. ) ;
#1982 = CARTESIAN_POINT ( 'NONE',  ( 0.1398573725676224844, 0.8465806903387380622, 1.075281347006253219 ) ) ;
#1983 = CARTESIAN_POINT ( 'NONE',  ( 0.1502919810540895296, 0.8465806903387371740, 0.5587019556215456761 ) ) ;
#1984 = SURFACE_SIDE_STYLE ('',( #660 ) ) ;
#1985 = CARTESIAN_POINT ( 'NONE',  ( 0.6712304806860389661, 0.8965806903387379956, 0.6687712951116443483 ) ) ;
#1986 = DIRECTION ( 'NONE',  ( 0.0000000000000000000, -1.000000000000000000, 0.0000000000000000000 ) ) ;
#1987 = ORIENTED_EDGE ( 'NONE', *, *, #1584, .T. ) ;
#1988 = ORIENTED_EDGE ( 'NONE', *, *, #2401, .F. ) ;
#1989 = CARTESIAN_POINT ( 'NONE',  ( 0.1405552782261878519, 0.8965806903387375515, 0.5967208525393076224 ) ) ;
#1990 = ORIENTED_EDGE ( 'NONE', *, *, #943, .F. ) ;
#1991 = CARTESIAN_POINT ( 'NONE',  ( -0.7647974543472716435, 0.8965806903387377735, 1.332660476450087117 ) ) ;
#1992 = AXIS2_PLACEMENT_3D ( 'NONE', #518, #2431, #2032 ) ;
#1993 = VERTEX_POINT ( 'NONE', #1326 ) ;
#1994 = CARTESIAN_POINT ( 'NONE',  ( 0.3223778243185810854, 0.8965806903387376625, 1.293875151677094992 ) ) ;
#1995 = DIRECTION ( 'NONE',  ( -0.0000000000000000000, -0.0000000000000000000, 1.000000000000000000 ) ) ;
#1996 = CARTESIAN_POINT ( 'NONE',  ( -1.561341383892501655, 0.8465806903387377291, 0.0000000000000000000 ) ) ;
#1997 = DIRECTION ( 'NONE',  ( -0.0000000000000000000, -1.000000000000000000, -0.0000000000000000000 ) ) ;
#1998 = PRESENTATION_LAYER_ASSIGNMENT (  '', '', ( #2160 ) ) ;
#1999 = ORIENTED_EDGE ( 'NONE', *, *, #824, .F. ) ;
#2000 = VECTOR ( 'NONE', #443, 1000.000000000000000 ) ;
#2001 = ADVANCED_FACE ( 'NONE', ( #30 ), #1132, .T. ) ;
#2002 = CARTESIAN_POINT ( 'NONE',  ( -1.011341383892501389, 0.04658069033873783737, 1.649999999999999911 ) ) ;
#2003 = MECHANICAL_DESIGN_GEOMETRIC_PRESENTATION_REPRESENTATION (  '', ( #2126 ), #422 ) ;
#2004 = ORIENTED_EDGE ( 'NONE', *, *, #1390, .T. ) ;
#2005 =( GEOMETRIC_REPRESENTATION_CONTEXT ( 3 ) GLOBAL_UNCERTAINTY_ASSIGNED_CONTEXT ( ( #44 ) ) GLOBAL_UNIT_ASSIGNED_CONTEXT ( ( #2445, #1850, #1097 ) ) REPRESENTATION_CONTEXT ( 'NONE', 'WORKASPACE' ) );
#2006 =( GEOMETRIC_REPRESENTATION_CONTEXT ( 3 ) GLOBAL_UNCERTAINTY_ASSIGNED_CONTEXT ( ( #357 ) ) GLOBAL_UNIT_ASSIGNED_CONTEXT ( ( #1688, #1665, #1137 ) ) REPRESENTATION_CONTEXT ( 'NONE', 'WORKASPACE' ) );
#2007 = PRESENTATION_STYLE_ASSIGNMENT (( #1255 ) ) ;
#2008 = CARTESIAN_POINT ( 'NONE',  ( 0.2044167166520693690, 0.8965806903387381066, 0.4390161467722299982 ) ) ;
#2009 = ORIENTED_EDGE ( 'NONE', *, *, #2443, .T. ) ;
#2010 = CARTESIAN_POINT ( 'NONE',  ( 0.2379890155351834513, 0.8465806903387378402, 1.265723486027461986 ) ) ;
#2011 = CARTESIAN_POINT ( 'NONE',  ( -0.01590476857470029745, 0.8965806903387378846, 0.9480475299017940838 ) ) ;
#2012 = FILL_AREA_STYLE_COLOUR ( '', #2254 ) ;
#2013 = ORIENTED_EDGE ( 'NONE', *, *, #1471, .F. ) ;
#2014 = CARTESIAN_POINT ( 'NONE',  ( -0.5981307876806049029, 0.8465806903387377291, 0.4240066302962407496 ) ) ;
#2015 = VERTEX_POINT ( 'NONE', #1173 ) ;
#2016 = ADVANCED_FACE ( 'NONE', ( #1749 ), #1381, .F. ) ;
#2017 = ADVANCED_FACE ( 'NONE', ( #630 ), #2184, .F. ) ;
#2018 = CARTESIAN_POINT ( 'NONE',  ( 1.438658616107498345, 0.04658069033873783737, 0.05000000000000000278 ) ) ;
#2019 = CARTESIAN_POINT ( 'NONE',  ( 0.1202064829141783614, 0.8465806903387370630, 0.7803470547399764534 ) ) ;
#2020 = ORIENTED_EDGE ( 'NONE', *, *, #943, .T. ) ;
#2021 = CARTESIAN_POINT ( 'NONE',  ( -0.4571051466549639897, 0.8465806903387377291, 1.268557912347523020 ) ) ;
#2022 = PLANE ( 'NONE',  #579 ) ;
#2023 = CARTESIAN_POINT ( 'NONE',  ( 0.09910425691632891720, 0.8965806903387375515, 1.249247405673345579 ) ) ;
#2024 = EDGE_LOOP ( 'NONE', ( #122, #753, #515, #110 ) ) ;
#2025 = DIRECTION ( 'NONE',  ( -1.000000000000000000, 0.0000000000000000000, 0.0000000000000000000 ) ) ;
#2026 = CARTESIAN_POINT ( 'NONE',  ( 0.5428948533450362879, 0.8465806903387376181, 0.8330611174757280857 ) ) ;
#2027 = CARTESIAN_POINT ( 'NONE',  ( 1.538658616107498434, 0.9465806903387379290, 0.0000000000000000000 ) ) ;
#2028 = ORIENTED_EDGE ( 'NONE', *, *, #1461, .T. ) ;
#2029 = CARTESIAN_POINT ( 'NONE',  ( 0.8886586161074984114, 0.8465806903387377291, 1.600000000000000089 ) ) ;
#2030 = EDGE_CURVE ( 'NONE', #260, #1936, #1226, .T. ) ;
#2031 = FACE_OUTER_BOUND ( 'NONE', #1102, .T. ) ;
#2032 = DIRECTION ( 'NONE',  ( -1.000000000000000000, -1.668003342285392044E-16, 0.0000000000000000000 ) ) ;
#2033 = DIRECTION ( 'NONE',  ( 0.0000000000000000000, 1.000000000000000000, 0.0000000000000000000 ) ) ;
#2034 = VECTOR ( 'NONE', #961, 1000.000000000000000 ) ;
#2035 = VERTEX_POINT ( 'NONE', #819 ) ;
#2036 = DIRECTION ( 'NONE',  ( 0.9828721869343218787, 0.0000000000000000000, -0.1842885350501852204 ) ) ;
#2037 = CARTESIAN_POINT ( 'NONE',  ( 0.8886586161074986334, -0.05341930966126209879, 1.649999999999999911 ) ) ;
#2038 = CARTESIAN_POINT ( 'NONE',  ( -0.02087528117885912443, 0.8465806903387376181, 0.8553707467290713184 ) ) ;
#2039 = CARTESIAN_POINT ( 'NONE',  ( 0.2833192048851366773, 0.8965806903387377735, 0.3781574629452920666 ) ) ;
#2040 = PRESENTATION_LAYER_ASSIGNMENT (  '', '', ( #1682 ) ) ;
#2041 =( GEOMETRIC_REPRESENTATION_CONTEXT ( 3 ) GLOBAL_UNCERTAINTY_ASSIGNED_CONTEXT ( ( #1473 ) ) GLOBAL_UNIT_ASSIGNED_CONTEXT ( ( #1228, #1415, #1265 ) ) REPRESENTATION_CONTEXT ( 'NONE', 'WORKASPACE' ) );
#2042 = EDGE_CURVE ( 'NONE', #207, #807, #329, .T. ) ;
#2043 = CARTESIAN_POINT ( 'NONE',  ( 0.1225911524070729813, 0.8965806903387382176, 0.9400338174939871783 ) ) ;
#2044 = COLOUR_RGB ( '',0.0000000000000000000, 0.0000000000000000000, 0.0000000000000000000 ) ;
#2045 = VECTOR ( 'NONE', #2386, 1000.000000000000000 ) ;
#2046 = PRESENTATION_LAYER_ASSIGNMENT (  '', '', ( #656 ) ) ;
#2047 = CARTESIAN_POINT ( 'NONE',  ( 0.1253150751078086489, 0.8465806903387378402, 0.3875097217805956729 ) ) ;
#2048 = VECTOR ( 'NONE', #1621, 1000.000000000000000 ) ;
#2049 = MECHANICAL_DESIGN_GEOMETRIC_PRESENTATION_REPRESENTATION (  '', ( #659 ), #1171 ) ;
#2050 = EDGE_CURVE ( 'NONE', #1417, #332, #475, .T. ) ;
#2051 = PRESENTATION_STYLE_ASSIGNMENT (( #1106 ) ) ;
#2052 = CARTESIAN_POINT ( 'NONE',  ( 0.4436258037187578718, 0.8465806903387373961, 1.249238303235020497 ) ) ;
#2053 = LINE ( 'NONE', #2223, #646 ) ;
#2054 = DIRECTION ( 'NONE',  ( -0.0000000000000000000, -1.000000000000000000, -0.0000000000000000000 ) ) ;
#2055 = ADVANCED_FACE ( 'NONE', ( #1412 ), #2153, .T. ) ;
#2056 = CARTESIAN_POINT ( 'NONE',  ( 0.3444043477423179844, 0.8465806903387379512, 1.357887359008258743 ) ) ;
#2057 = CARTESIAN_POINT ( 'NONE',  ( 0.3392076318848517569, 0.8465806903387377291, 0.3714169982135221426 ) ) ;
#2058 = CARTESIAN_POINT ( 'NONE',  ( -1.561341383892501655, 0.8465806903387377291, 0.05000000000000000278 ) ) ;
#2059 = SURFACE_SIDE_STYLE ('',( #1303 ) ) ;
#2060 = CARTESIAN_POINT ( 'NONE',  ( 0.5428948533450362879, 0.8965806903387377735, 0.8330611174757280857 ) ) ;
#2061 = SHAPE_DEFINITION_REPRESENTATION ( #1198, #1388 ) ;
#2062 = DIRECTION ( 'NONE',  ( 0.0000000000000000000, -1.000000000000000000, 0.0000000000000000000 ) ) ;
#2063 = CARTESIAN_POINT ( 'NONE',  ( 0.09910425691632891720, 0.8965806903387375515, 1.249247405673345579 ) ) ;
#2064 = DIRECTION ( 'NONE',  ( 0.0000000000000000000, 1.000000000000000000, -0.0000000000000000000 ) ) ;
#2065 = CARTESIAN_POINT ( 'NONE',  ( -0.02087528117885912443, 0.8965806903387376625, 0.8553707467290713184 ) ) ;
#2066 = CARTESIAN_POINT ( 'NONE',  ( 1.538658616107497989, -0.05341930966126209879, 0.0000000000000000000 ) ) ;
#2067 = DIRECTION ( 'NONE',  ( 1.000000000000000000, 0.0000000000000000000, 0.0000000000000000000 ) ) ;
#2068 = CARTESIAN_POINT ( 'NONE',  ( 0.1272013740080422672, 0.8965806903387381066, 0.6823095902090567932 ) ) ;
#2069 = ORIENTED_EDGE ( 'NONE', *, *, #1215, .F. ) ;
#2070 = DIRECTION ( 'NONE',  ( -0.0000000000000000000, -1.000000000000000000, -0.0000000000000000000 ) ) ;
#2071 = CARTESIAN_POINT ( 'NONE',  ( 0.4436258037187578718, 0.8965806903387375515, 1.249238303235020497 ) ) ;
#2072 = CARTESIAN_POINT ( 'NONE',  ( -1.011341383892501833, 0.9465806903387378179, 1.649999999999999911 ) ) ;
#2073 =( LENGTH_UNIT ( ) NAMED_UNIT ( * ) SI_UNIT ( .MILLI., .METRE. ) );
#2074 = DIRECTION ( 'NONE',  ( 0.0000000000000000000, -1.000000000000000000, 0.0000000000000000000 ) ) ;
#2075 = DIRECTION ( 'NONE',  ( 1.000000000000000000, 0.0000000000000000000, 0.0000000000000000000 ) ) ;
#2076 = LINE ( 'NONE', #1127, #1253 ) ;
#2077 = EDGE_CURVE ( 'NONE', #2093, #1325, #1528, .T. ) ;
#2078 = VECTOR ( 'NONE', #1556, 1000.000000000000000 ) ;
#2079 = VERTEX_POINT ( 'NONE', #750 ) ;
#2080 = FILL_AREA_STYLE_COLOUR ( '', #1214 ) ;
#2081 = CARTESIAN_POINT ( 'NONE',  ( 0.1198179302681131181, 0.8465806903387371740, 0.8330611174757280857 ) ) ;
#2082 = CARTESIAN_POINT ( 'NONE',  ( 0.5218310588815601170, 0.8465806903387377291, 0.5967762257392000835 ) ) ;
#2083 = PRESENTATION_LAYER_ASSIGNMENT (  '', '', ( #697 ) ) ;
#2084 = LINE ( 'NONE', #1884, #1563 ) ;
#2085 = DIRECTION ( 'NONE',  ( 0.0000000000000000000, 0.0000000000000000000, -1.000000000000000000 ) ) ;
#2086 = COLOUR_RGB ( '',0.0000000000000000000, 0.0000000000000000000, 0.0000000000000000000 ) ;
#2087 = VERTEX_POINT ( 'NONE', #1691 ) ;
#2088 = CARTESIAN_POINT ( 'NONE',  ( 0.1198179302681131181, 0.8965806903387377735, 0.8330611174757280857 ) ) ;
#2089 = LINE ( 'NONE', #543, #1079 ) ;
#2090 = EDGE_CURVE ( 'NONE', #586, #1954, #1902, .T. ) ;
#2091 = ORIENTED_EDGE ( 'NONE', *, *, #1081, .T. ) ;
#2092 = CARTESIAN_POINT ( 'NONE',  ( 0.5079887791844147626, 0.8965806903387377735, 0.3626862628923750997 ) ) ;
#2093 = VERTEX_POINT ( 'NONE', #1319 ) ;
#2094 = ADVANCED_FACE ( 'NONE', ( #178 ), #738, .F. ) ;
#2095 = CARTESIAN_POINT ( 'NONE',  ( 0.4612890577837409078, 0.8965806903387376625, 1.229396436300090212 ) ) ;
#2096 = CARTESIAN_POINT ( 'NONE',  ( 0.5890484424732407298, 0.8465806903387380622, 0.4506053791986588397 ) ) ;
#2097 = CARTESIAN_POINT ( 'NONE',  ( 0.2833192048851366773, 0.8465806903387377291, 0.3781574629452920666 ) ) ;
#2098 = COLOUR_RGB ( '',0.7529411764705882248, 0.7529411764705882248, 0.7529411764705882248 ) ;
#2099 = CARTESIAN_POINT ( 'NONE',  ( 0.3313563918065747238, 0.8965806903387377735, 1.358301502091112667 ) ) ;
#2100 = DIRECTION ( 'NONE',  ( -1.000000000000000000, 0.0000000000000000000, 0.0000000000000000000 ) ) ;
#2101 = VERTEX_POINT ( 'NONE', #351 ) ;
#2102 = CARTESIAN_POINT ( 'NONE',  ( 0.05112355436256735969, 0.8965806903387376625, 0.4879533025124235257 ) ) ;
#2103 = CARTESIAN_POINT ( 'NONE',  ( 0.5401222159550663759, 0.8465806903387375071, 0.9400340005091891715 ) ) ;
#2104 = CARTESIAN_POINT ( 'NONE',  ( 0.5296055441616768222, 0.8965806903387377735, 0.6379672939159550804 ) ) ;
#2105 = CARTESIAN_POINT ( 'NONE',  ( 0.09833351702238703196, 0.8965806903387377735, 0.4169673508019873243 ) ) ;
#2106 = CARTESIAN_POINT ( 'NONE',  ( 0.3227707053187750530, 0.8465806903387371740, 0.3714175889941453423 ) ) ;
#2107 = EDGE_LOOP ( 'NONE', ( #868, #1557, #971, #788 ) ) ;
#2108 = EDGE_LOOP ( 'NONE', ( #496, #2193, #648, #381 ) ) ;
#2109 = DIRECTION ( 'NONE',  ( 0.0000000000000000000, -0.0000000000000000000, 1.000000000000000000 ) ) ;
#2110 = CARTESIAN_POINT ( 'NONE',  ( 0.5031622092334741003, 0.8965806903387381066, 1.147614947063970492 ) ) ;
#2111 = SURFACE_SIDE_STYLE ('',( #259 ) ) ;
#2112 = CARTESIAN_POINT ( 'NONE',  ( 0.01564441126364350329, 0.8465806903387377291, 1.095297068729250700 ) ) ;
#2113 = DIRECTION ( 'NONE',  ( 1.000000000000000000, -0.0000000000000000000, -0.0000000000000000000 ) ) ;
#2114 = ORIENTED_EDGE ( 'NONE', *, *, #283, .T. ) ;
#2115 = CARTESIAN_POINT ( 'NONE',  ( 0.1545582234963618629, 0.8465806903387378402, 0.3626287178138947187 ) ) ;
#2116 = CARTESIAN_POINT ( 'NONE',  ( 0.4908300824763563996, 0.8465806903387376181, 1.178432316945611458 ) ) ;
#2117 = CARTESIAN_POINT ( 'NONE',  ( 0.4883213395753108199, 0.8965806903387376625, 0.4921115570325741984 ) ) ;
#2118 = ORIENTED_EDGE ( 'NONE', *, *, #1514, .T. ) ;
#2119 = VECTOR ( 'NONE', #605, 1000.000000000000000 ) ;
#2120 = VECTOR ( 'NONE', #2378, 1000.000000000000000 ) ;
#2121 =( GEOMETRIC_REPRESENTATION_CONTEXT ( 3 ) GLOBAL_UNCERTAINTY_ASSIGNED_CONTEXT ( ( #1825 ) ) GLOBAL_UNIT_ASSIGNED_CONTEXT ( ( #326, #587, #981 ) ) REPRESENTATION_CONTEXT ( 'NONE', 'WORKASPACE' ) );
#2122 = DIRECTION ( 'NONE',  ( -0.0000000000000000000, -1.000000000000000000, -0.0000000000000000000 ) ) ;
#2123 = PRESENTATION_STYLE_ASSIGNMENT (( #1551 ) ) ;
#2124 = VECTOR ( 'NONE', #1530, 1000.000000000000000 ) ;
#2125 = FILL_AREA_STYLE_COLOUR ( '', #1921 ) ;
#2126 = STYLED_ITEM ( 'NONE', ( #2136 ), #1956 ) ;
#2127 = ORIENTED_EDGE ( 'NONE', *, *, #314, .F. ) ;
#2128 = CARTESIAN_POINT ( 'NONE',  ( 0.09833351702238703196, 0.8465806903387377291, 0.4169673508019873243 ) ) ;
#2129 = CARTESIAN_POINT ( 'NONE',  ( 0.4245212180927750989, 0.8465806903387377291, 1.265718135936277466 ) ) ;
#2130 = CARTESIAN_POINT ( 'NONE',  ( 0.8886586161074986334, -0.05341930966126209879, 0.0000000000000000000 ) ) ;
#2131 = CARTESIAN_POINT ( 'NONE',  ( 0.5427621543229425027, 0.8965806903387376625, 0.8151627892334937231 ) ) ;
#2132 = EDGE_CURVE ( 'NONE', #1236, #452, #21, .T. ) ;
#2133 = ORIENTED_EDGE ( 'NONE', *, *, #73, .T. ) ;
#2134 = CARTESIAN_POINT ( 'NONE',  ( 0.5890484424732407298, 0.8465806903387379512, 0.4506053791986588397 ) ) ;
#2135 = ORIENTED_EDGE ( 'NONE', *, *, #547, .T. ) ;
#2136 = PRESENTATION_STYLE_ASSIGNMENT (( #1722 ) ) ;
#2137 = FACE_OUTER_BOUND ( 'NONE', #137, .T. ) ;
#2138 =( LENGTH_UNIT ( ) NAMED_UNIT ( * ) SI_UNIT ( .MILLI., .METRE. ) );
#2139 = PRESENTATION_LAYER_ASSIGNMENT (  '', '', ( #737 ) ) ;
#2140 = VERTEX_POINT ( 'NONE', #2447 ) ;
#2141 = SURFACE_SIDE_STYLE ('',( #1189 ) ) ;
#2142 = CARTESIAN_POINT ( 'NONE',  ( 0.3313563918065747238, 0.8965806903387377735, 0.3070194508090614560 ) ) ;
#2143 = EDGE_CURVE ( 'NONE', #2218, #1163, #195, .T. ) ;
#2144 = ORIENTED_EDGE ( 'NONE', *, *, #2042, .F. ) ;
#2145 = CARTESIAN_POINT ( 'NONE',  ( 0.5644093913201546631, 0.8965806903387378846, 0.4168326139311143708 ) ) ;
#2146 = CARTESIAN_POINT ( 'NONE',  ( 0.6784258812980514808, 0.8465806903387376181, 0.9476750197717884738 ) ) ;
#2147 = CARTESIAN_POINT ( 'NONE',  ( 0.1199498590349842020, 0.8465806903387375071, 0.8151626386880528319 ) ) ;
#2148 = ORIENTED_EDGE ( 'NONE', *, *, #2327, .F. ) ;
#2149 = CARTESIAN_POINT ( 'NONE',  ( 0.3313563918065747238, 0.8965806903387377735, 0.3070194508090614560 ) ) ;
#2150 = CARTESIAN_POINT ( 'NONE',  ( 0.1887015666903360811, 0.8965806903387379956, 0.4638348628224610026 ) ) ;
#2151 = CARTESIAN_POINT ( 'NONE',  ( 0.4768142039204912863, 0.8465806903387375071, 1.205645283037241944 ) ) ;
#2152 = CARTESIAN_POINT ( 'NONE',  ( -0.2904384799882972490, 0.8965806903387377735, 1.268557912347523020 ) ) ;
#2153 = B_SPLINE_SURFACE_WITH_KNOTS ( 'NONE', 3, 1, ( 
 ( #105, #281 ),
 ( #96, #840 ),
 ( #1023, #1613 ),
 ( #1660, #2146 ),
 ( #1589, #2414 ),
 ( #710, #2226 ),
 ( #2156, #460 ),
 ( #268, #2369 ),
 ( #666, #1469 ),
 ( #450, #1187 ),
 ( #1212, #1946 ),
 ( #257, #1010 ),
 ( #999, #67 ),
 ( #1778, #808 ),
 ( #1575, #1968 ),
 ( #208, #2423 ),
 ( #569, #1111 ),
 ( #157, #2056 ),
 ( #552, #2249 ) ),
 .UNSPECIFIED., .F., .F., .F.,
 ( 4, 1, 1, 1, 1, 1, 1, 1, 1, 1, 1, 1, 1, 1, 1, 1, 4 ),
 ( 2, 2 ),
 ( 0.0000000000000000000, 0.08247158165897713888, 0.1606442799617366912, 0.2353075159008397865, 0.3065726649561282269, 0.3746800447575275861, 0.4400997714137500627, 0.5034193758900471494, 0.5649029189134640028, 0.6242083336919298509, 0.6803253913082745186, 0.7341996738354323870, 0.7866416333513835957, 0.8385288818396793298, 0.8907669965764920539, 0.9444729826044250265, 0.9999999999999998890 ),
 ( 0.0000000000000000000, 1.000000000000000000 ),
 .UNSPECIFIED. ) ;
#2154 = EDGE_CURVE ( 'NONE', #328, #1451, #1676, .T. ) ;
#2155 = ORIENTED_EDGE ( 'NONE', *, *, #220, .T. ) ;
#2156 = CARTESIAN_POINT ( 'NONE',  ( 0.6472652036789267038, 0.8965806903387377735, 1.095277861705629130 ) ) ;
#2157 = VECTOR ( 'NONE', #1522, 1000.000000000000000 ) ;
#2158 = EDGE_CURVE ( 'NONE', #2281, #1236, #373, .T. ) ;
#2159 = FILL_AREA_STYLE ('',( #2371 ) ) ;
#2160 = STYLED_ITEM ( 'NONE', ( #984 ), #1058 ) ;
#2161 = VERTEX_POINT ( 'NONE', #1478 ) ;
#2162 = CARTESIAN_POINT ( 'NONE',  ( 0.2814222983120056587, 0.8965806903387377735, 1.287630207599325782 ) ) ;
#2163 = DIRECTION ( 'NONE',  ( 1.000000000000000000, -4.336808689942017736E-16, 0.0000000000000000000 ) ) ;
#2164 = LINE ( 'NONE', #1018, #1811 ) ;
#2165 = PRESENTATION_LAYER_ASSIGNMENT (  '', '', ( #881 ) ) ;
#2166 = CARTESIAN_POINT ( 'NONE',  ( 0.2379890155351834513, 0.8465806903387377291, 1.265723486027461986 ) ) ;
#2167 = CARTESIAN_POINT ( 'NONE',  ( 0.3444043477423179844, 0.8465806903387380622, 1.357887359008258743 ) ) ;
#2168 =( GEOMETRIC_REPRESENTATION_CONTEXT ( 3 ) GLOBAL_UNCERTAINTY_ASSIGNED_CONTEXT ( ( #1698 ) ) GLOBAL_UNIT_ASSIGNED_CONTEXT ( ( #476, #488, #1779 ) ) REPRESENTATION_CONTEXT ( 'NONE', 'WORKASPACE' ) );
#2169 = VECTOR ( 'NONE', #132, 1000.000000000000000 ) ;
#2170 = ORIENTED_EDGE ( 'NONE', *, *, #721, .F. ) ;
#2171 = ORIENTED_EDGE ( 'NONE', *, *, #1041, .T. ) ;
#2172 = SURFACE_STYLE_FILL_AREA ( #1196 ) ;
#2173 = FACE_OUTER_BOUND ( 'NONE', #29, .T. ) ;
#2174 = EDGE_LOOP ( 'NONE', ( #2069, #818, #2293, #1261 ) ) ;
#2175 = CARTESIAN_POINT ( 'NONE',  ( 1.438658616107498567, 0.8465806903387377291, 1.649999999999999911 ) ) ;
#2176 = DIRECTION ( 'NONE',  ( 4.336808689942017736E-16, 1.000000000000000000, 0.0000000000000000000 ) ) ;
#2177 = DIRECTION ( 'NONE',  ( 1.000000000000000000, 1.668003342285391797E-16, 0.0000000000000000000 ) ) ;
#2178 = PLANE ( 'NONE',  #285 ) ;
#2179 = CARTESIAN_POINT ( 'NONE',  ( 0.4075499910174856244, 0.8465806903387377291, 1.350370309108458899 ) ) ;
#2180 =( NAMED_UNIT ( * ) SI_UNIT ( $, .STERADIAN. ) SOLID_ANGLE_UNIT ( ) );
#2181 = CARTESIAN_POINT ( 'NONE',  ( -1.011341383892501611, 0.04658069033873783737, 0.0000000000000000000 ) ) ;
#2182 = VERTEX_POINT ( 'NONE', #924 ) ;
#2183 = CARTESIAN_POINT ( 'NONE',  ( -0.7647974543472716435, 0.8965806903387377735, 0.3903527841423947153 ) ) ;
#2184 = PLANE ( 'NONE',  #1170 ) ;
#2185 = CARTESIAN_POINT ( 'NONE',  ( 0.1405552782261878519, 0.8465806903387375071, 0.5967208525393076224 ) ) ;
#2186 = ORIENTED_EDGE ( 'NONE', *, *, #2202, .F. ) ;
#2187 = CARTESIAN_POINT ( 'NONE',  ( 0.1202577157608827191, 0.8965806903387375515, 0.8877719006848557859 ) ) ;
#2188 = CARTESIAN_POINT ( 'NONE',  ( 0.1263255140722820413, 0.8465806903387377291, 1.278357971967319706 ) ) ;
#2189 = CARTESIAN_POINT ( 'NONE',  ( 0.5079887791844147626, 0.8965806903387377735, 0.3626862628923750997 ) ) ;
#2190 = LINE ( 'NONE', #1794, #985 ) ;
#2192 = LINE ( 'NONE', #495, #2402 ) ;
#2191 = VECTOR ( 'NONE', #1299, 1000.000000000000000 ) ;
#2193 = ORIENTED_EDGE ( 'NONE', *, *, #2229, .F. ) ;
#2194 = STYLED_ITEM ( 'NONE', ( #787 ), #1014 ) ;
#2195 = LINE ( 'NONE', #631, #970 ) ;
#2196 = ORIENTED_EDGE ( 'NONE', *, *, #2132, .T. ) ;
#2197 = CARTESIAN_POINT ( 'NONE',  ( 0.1716968165592239470, 0.8965806903387377735, 1.178427833809978509 ) ) ;
#2198 = CARTESIAN_POINT ( 'NONE',  ( 0.01564441126364350329, 0.8465806903387377291, 1.095297068729250700 ) ) ;
#2199 = CARTESIAN_POINT ( 'NONE',  ( 0.1263255140722820413, 0.8965806903387377735, 1.278357971967319706 ) ) ;
#2200 =( NAMED_UNIT ( * ) PLANE_ANGLE_UNIT ( ) SI_UNIT ( $, .RADIAN. ) );
#2201 = AXIS2_PLACEMENT_3D ( 'NONE', #2152, #458, #1207 ) ;
#2202 = EDGE_CURVE ( 'NONE', #576, #616, #1285, .T. ) ;
#2203 = ORIENTED_EDGE ( 'NONE', *, *, #1972, .T. ) ;
#2204 = MECHANICAL_DESIGN_GEOMETRIC_PRESENTATION_REPRESENTATION (  '', ( #654 ), #502 ) ;
#2205 = EDGE_CURVE ( 'NONE', #2140, #1267, #1511, .T. ) ;
#2206 = FACE_OUTER_BOUND ( 'NONE', #53, .T. ) ;
#2207 = VECTOR ( 'NONE', #546, 1000.000000000000000 ) ;
#2208 = EDGE_LOOP ( 'NONE', ( #404, #1363, #1272, #2171 ) ) ;
#2209 = AXIS2_PLACEMENT_3D ( 'NONE', #413, #1164, #100 ) ;
#2210 = CARTESIAN_POINT ( 'NONE',  ( 0.2012240364307854579, 0.8965806903387378846, 1.229396631205929014 ) ) ;
#2211 = DIRECTION ( 'NONE',  ( -1.000000000000000000, 0.0000000000000000000, 0.0000000000000000000 ) ) ;
#2212 = ORIENTED_EDGE ( 'NONE', *, *, #299, .F. ) ;
#2213 = CARTESIAN_POINT ( 'NONE',  ( 0.1198179302681131181, 0.8465806903387378402, 0.8330611174757280857 ) ) ;
#2214 = CARTESIAN_POINT ( 'NONE',  ( -0.7647974543472716435, 0.8965806903387377735, 0.4552566302962409162 ) ) ;
#2215 = DIRECTION ( 'NONE',  ( -0.0000000000000000000, -0.0000000000000000000, -1.000000000000000000 ) ) ;
#2216 = ORIENTED_EDGE ( 'NONE', *, *, #380, .F. ) ;
#2217 = DIRECTION ( 'NONE',  ( -0.0000000000000000000, -0.0000000000000000000, -1.000000000000000000 ) ) ;
#2218 = VERTEX_POINT ( 'NONE', #1298 ) ;
#2219 = ADVANCED_FACE ( 'NONE', ( #2261 ), #1125, .F. ) ;
#2220 = VECTOR ( 'NONE', #1997, 1000.000000000000000 ) ;
#2221 = LINE ( 'NONE', #2418, #1085 ) ;
#2222 = CARTESIAN_POINT ( 'NONE',  ( 0.4035834151045267215, 0.8465806903387377291, 1.278600229212216277 ) ) ;
#2223 = CARTESIAN_POINT ( 'NONE',  ( -0.5981307876806049029, 0.8965806903387377735, 1.268557912347523020 ) ) ;
#2224 = CARTESIAN_POINT ( 'NONE',  ( -1.011341383892501389, 0.04658069033873783737, 1.649999999999999911 ) ) ;
#2225 = ORIENTED_EDGE ( 'NONE', *, *, #2154, .F. ) ;
#2226 = CARTESIAN_POINT ( 'NONE',  ( 0.6605847237136770467, 0.8465806903387376181, 1.049021745139723905 ) ) ;
#2227 = LINE ( 'NONE', #1458, #2191 ) ;
#2228 = DIRECTION ( 'NONE',  ( -1.000000000000000000, 0.0000000000000000000, -0.0000000000000000000 ) ) ;
#2229 = EDGE_CURVE ( 'NONE', #1694, #1718, #561, .T. ) ;
#2230 = CARTESIAN_POINT ( 'NONE',  ( 0.1332014758736038695, 0.8965806903387382176, 0.6379981927381299656 ) ) ;
#2231 = DIRECTION ( 'NONE',  ( -0.1842885350501852204, 0.0000000000000000000, -0.9828721869343218787 ) ) ;
#2232 = EDGE_CURVE ( 'NONE', #1179, #1598, #1704, .T. ) ;
#2233 = FACE_OUTER_BOUND ( 'NONE', #665, .T. ) ;
#2234 = CARTESIAN_POINT ( 'NONE',  ( 0.5139667655189662510, 0.8465806903387375071, 1.113270606177985345 ) ) ;
#2235 = CARTESIAN_POINT ( 'NONE',  ( 1.438658616107498345, 0.8465806903387377291, 0.05000000000000000278 ) ) ;
#2236 = B_SPLINE_CURVE_WITH_KNOTS ( 'NONE', 3,
 ( #790, #1542, #1756, #1555, #1396, #2129, #1783, #2340, #2151, #2116, #1004, #61, #801, #2283, #1769, #2103, #588, #78, #1348 ),
 .UNSPECIFIED., .F., .F.,
 ( 4, 1, 1, 1, 1, 1, 1, 1, 1, 1, 1, 1, 1, 1, 1, 1, 4 ),
 ( 0.0000000000000000000, 0.04616070137296099385, 0.09006766461479569219, 0.1331543574901418725, 0.1762543567134375322, 0.2208195326446714402, 0.2675985801178357160, 0.3177940556090190216, 0.3720777204111761494, 0.4310075855886391638, 0.4950202718018352765, 0.5643730330794737293, 0.6394363648343819317, 0.7204183646391266738, 0.8071290655413041470, 0.9003959214568428848, 1.000000000000000000 ),
 .UNSPECIFIED. ) ;
#2237 = CARTESIAN_POINT ( 'NONE',  ( 0.5354832799904288843, 0.8465806903387377291, 0.6823150881078228203 ) ) ;
#2238 = VECTOR ( 'NONE', #1831, 1000.000000000000000 ) ;
#2239 = PRESENTATION_LAYER_ASSIGNMENT (  '', '', ( #2404 ) ) ;
#2240 = LINE ( 'NONE', #1745, #31 ) ;
#2241 = AXIS2_PLACEMENT_3D ( 'NONE', #929, #566, #2265 ) ;
#2242 = CARTESIAN_POINT ( 'NONE',  ( 0.2924799150344954413, 0.8465806903387379512, 0.3081617611189313988 ) ) ;
#2243 = UNCERTAINTY_MEASURE_WITH_UNIT (LENGTH_MEASURE( 1.000000000000000082E-05 ), #2138, 'distance_accuracy_value', 'NONE');
#2244 = COLOUR_RGB ( '',1.000000000000000000, 1.000000000000000000, 1.000000000000000000 ) ;
#2245 = LINE ( 'NONE', #732, #1250 ) ;
#2246 = CARTESIAN_POINT ( 'NONE',  ( 0.3396005561696529007, 0.8465806903387376181, 1.293875674025108502 ) ) ;
#2247 = DIRECTION ( 'NONE',  ( 1.000000000000000000, 0.0000000000000000000, 0.0000000000000000000 ) ) ;
#2248 = B_SPLINE_SURFACE_WITH_KNOTS ( 'NONE', 3, 1, ( 
 ( #1177, #689 ),
 ( #1448, #2440 ),
 ( #2253, #1919 ),
 ( #617, #2274 ),
 ( #243, #405 ),
 ( #629, #1155 ),
 ( #2092, #54 ),
 ( #1145, #1392 ),
 ( #2145, #1559 ),
 ( #578, #2134 ),
 ( #1341, #793 ),
 ( #1907, #972 ),
 ( #1945, #2319 ),
 ( #256, #1547 ),
 ( #230, #437 ),
 ( #768, #65 ),
 ( #2305, #1761 ),
 ( #1185, #806 ),
 ( #1573, #1195 ) ),
 .UNSPECIFIED., .F., .F., .F.,
 ( 4, 1, 1, 1, 1, 1, 1, 1, 1, 1, 1, 1, 1, 1, 1, 1, 4 ),
 ( 2, 2 ),
 ( 0.0000000000000000000, 0.05540021908813192592, 0.1087610644899447004, 0.1608836706094930735, 0.2123891374561764911, 0.2645987660451519230, 0.3182587708910498692, 0.3741691402395585508, 0.4330963361432199066, 0.4946110144464276326, 0.5578493768896579663, 0.6233154261175366528, 0.6915425962160524076, 0.7630526495432655709, 0.8382842690408154329, 0.9170067206130619875, 1.000000000000000000 ),
 ( 0.0000000000000000000, 1.000000000000000000 ),
 .UNSPECIFIED. ) ;
#2249 = CARTESIAN_POINT ( 'NONE',  ( 0.3313563918065747238, 0.8465806903387377291, 1.358301502091112889 ) ) ;
#2250 = FACE_OUTER_BOUND ( 'NONE', #510, .T. ) ;
#2251 = CARTESIAN_POINT ( 'NONE',  ( 0.8886586161074986334, 0.8465806903387377291, 1.649999999999999911 ) ) ;
#2252 = ORIENTED_EDGE ( 'NONE', *, *, #2154, .T. ) ;
#2253 = CARTESIAN_POINT ( 'NONE',  ( 0.3702324943280491665, 0.8965806903387378846, 0.3081623828482307759 ) ) ;
#2254 = COLOUR_RGB ( '',0.0000000000000000000, 0.0000000000000000000, 0.0000000000000000000 ) ;
#2255 = CARTESIAN_POINT ( 'NONE',  ( 0.1859272762817627267, 0.8465806903387376181, 0.3422699313366581175 ) ) ;
#2256 = FILL_AREA_STYLE_COLOUR ( '', #1290 ) ;
#2257 = LINE ( 'NONE', #368, #269 ) ;
#2258 = LINE ( 'NONE', #369, #1332 ) ;
#2259 =( GEOMETRIC_REPRESENTATION_CONTEXT ( 3 ) GLOBAL_UNCERTAINTY_ASSIGNED_CONTEXT ( ( #706 ) ) GLOBAL_UNIT_ASSIGNED_CONTEXT ( ( #911, #349, #1634 ) ) REPRESENTATION_CONTEXT ( 'NONE', 'WORKASPACE' ) );
#2260 = ADVANCED_FACE ( 'NONE', ( #1854 ), #1142, .T. ) ;
#2261 = FACE_OUTER_BOUND ( 'NONE', #130, .T. ) ;
#2262 = CARTESIAN_POINT ( 'NONE',  ( 0.3554598966352478517, 0.8965806903387375515, 0.3719979744368821506 ) ) ;
#2263 = CARTESIAN_POINT ( 'NONE',  ( 0.1253150751078086489, 0.8965806903387378846, 0.3875097217805956729 ) ) ;
#2264 = ORIENTED_EDGE ( 'NONE', *, *, #1823, .T. ) ;
#2265 = DIRECTION ( 'NONE',  ( 1.000000000000000000, 0.0000000000000000000, -0.0000000000000000000 ) ) ;
#2266 = DIRECTION ( 'NONE',  ( -1.000000000000000000, 0.0000000000000000000, -0.0000000000000000000 ) ) ;
#2267 = DIRECTION ( 'NONE',  ( -0.0000000000000000000, -1.000000000000000000, -0.0000000000000000000 ) ) ;
#2268 = EDGE_CURVE ( 'NONE', #1993, #2035, #1356, .T. ) ;
#2269 = SURFACE_STYLE_FILL_AREA ( #51 ) ;
#2270 = CARTESIAN_POINT ( 'NONE',  ( -1.561341383892501433, 0.04658069033873783737, 1.600000000000000089 ) ) ;
#2271 = EDGE_CURVE ( 'NONE', #238, #657, #1375, .T. ) ;
#2272 = CARTESIAN_POINT ( 'NONE',  ( 0.1332014758736038695, 0.8465806903387371740, 0.6379981927381299656 ) ) ;
#2273 = ORIENTED_EDGE ( 'NONE', *, *, #258, .T. ) ;
#2274 = CARTESIAN_POINT ( 'NONE',  ( 0.4077837289106464591, 0.8465806903387376181, 0.3152481497872160476 ) ) ;
#2275 = ORIENTED_EDGE ( 'NONE', *, *, #1399, .F. ) ;
#2276 =( NAMED_UNIT ( * ) SI_UNIT ( $, .STERADIAN. ) SOLID_ANGLE_UNIT ( ) );
#2277 = CARTESIAN_POINT ( 'NONE',  ( 0.4580553810373481638, 0.8965806903387379956, 0.4390837382295436075 ) ) ;
#2278 = CARTESIAN_POINT ( 'NONE',  ( 0.4767538886687614497, 0.8465806903387375071, 0.3422140571222144767 ) ) ;
#2279 = DIRECTION ( 'NONE',  ( 1.000000000000000000, 0.0000000000000000000, 0.0000000000000000000 ) ) ;
#2280 = STYLED_ITEM ( 'NONE', ( #362 ), #2260 ) ;
#2281 = VERTEX_POINT ( 'NONE', #1581 ) ;
#2282 = CARTESIAN_POINT ( 'NONE',  ( 0.2194094747456810657, 0.8965806903387379956, 0.3264062327327172386 ) ) ;
#2283 = CARTESIAN_POINT ( 'NONE',  ( 0.5301979830440612940, 0.8465806903387377291, 1.033743195181927366 ) ) ;
#2284 = CARTESIAN_POINT ( 'NONE',  ( 1.438658616107498567, 0.8465806903387377291, 1.649999999999999911 ) ) ;
#2285 = DIRECTION ( 'NONE',  ( 0.0000000000000000000, 0.0000000000000000000, -1.000000000000000000 ) ) ;
#2286 = LINE ( 'NONE', #2058, #378 ) ;
#2287 = ORIENTED_EDGE ( 'NONE', *, *, #526, .T. ) ;
#2288 = B_SPLINE_SURFACE_WITH_KNOTS ( 'NONE', 3, 1, ( 
 ( #394, #621 ),
 ( #407, #1382 ),
 ( #1764, #1176 ),
 ( #2307, #582 ),
 ( #992, #1158 ),
 ( #757, #594 ),
 ( #1576, #2082 ),
 ( #1359, #1923 ),
 ( #1328, #233 ),
 ( #1518, #1369 ),
 ( #1134, #1896 ),
 ( #2277, #45 ),
 ( #942, #1741 ),
 ( #1707, #784 ),
 ( #424, #457 ),
 ( #116, #1585 ),
 ( #1623, #2365 ),
 ( #92, #663 ),
 ( #1952, #493 ) ),
 .UNSPECIFIED., .F., .F., .F.,
 ( 4, 1, 1, 1, 1, 1, 1, 1, 1, 1, 1, 1, 1, 1, 1, 1, 4 ),
 ( 2, 2 ),
 ( 0.0000000000000000000, 0.09617343781042964057, 0.1870736858357942012, 0.2721214392958777317, 0.3521470938081371349, 0.4273762171891719586, 0.4972579073200219524, 0.5628457301913828426, 0.6241487102624824201, 0.6809562306794056941, 0.7333040510991282179, 0.7816817300748535313, 0.8271552183039637685, 0.8702520101991161328, 0.9128439554281407853, 0.9557476248178117251, 1.000000000000000000 ),
 ( 0.0000000000000000000, 1.000000000000000000 ),
 .UNSPECIFIED. ) ;
#2289 = EDGE_CURVE ( 'NONE', #1879, #1954, #2236, .T. ) ;
#2290 = EDGE_CURVE ( 'NONE', #1267, #1892, #1733, .T. ) ;
#2291 = ORIENTED_EDGE ( 'NONE', *, *, #2158, .T. ) ;
#2292 = ADVANCED_FACE ( 'NONE', ( #1914 ), #223, .F. ) ;
#2293 = ORIENTED_EDGE ( 'NONE', *, *, #1810, .T. ) ;
#2294 = CARTESIAN_POINT ( 'NONE',  ( -1.561341383892501433, 0.04658069033873783737, 1.649999999999999911 ) ) ;
#2295 =( NAMED_UNIT ( * ) SI_UNIT ( $, .STERADIAN. ) SOLID_ANGLE_UNIT ( ) );
#2296 = DIRECTION ( 'NONE',  ( 1.000000000000000000, 0.0000000000000000000, -0.0000000000000000000 ) ) ;
#2297 = CARTESIAN_POINT ( 'NONE',  ( 0.09910425691632891720, 0.8465806903387375071, 1.249247405673345579 ) ) ;
#2298 = PLANE ( 'NONE',  #615 ) ;
#2299 = ORIENTED_EDGE ( 'NONE', *, *, #1027, .T. ) ;
#2300 = CARTESIAN_POINT ( 'NONE',  ( 0.01521486992033502933, 0.8465806903387377291, 0.5723046296052711757 ) ) ;
#2301 =( NAMED_UNIT ( * ) PLANE_ANGLE_UNIT ( ) SI_UNIT ( $, .RADIAN. ) );
#2302 = CARTESIAN_POINT ( 'NONE',  ( 0.5013622189087227898, 0.8965806903387377735, 0.5237452956771559975 ) ) ;
#2303 = CARTESIAN_POINT ( 'NONE',  ( -0.2904384799882972490, 0.8965806903387377735, 1.332660476450087117 ) ) ;
#2304 = ORIENTED_EDGE ( 'NONE', *, *, #1596, .T. ) ;
#2305 = CARTESIAN_POINT ( 'NONE',  ( 0.6832897240664235206, 0.8965806903387376625, 0.7775494455630024282 ) ) ;
#2306 = ADVANCED_FACE ( 'NONE', ( #1259 ), #2022, .F. ) ;
#2307 = CARTESIAN_POINT ( 'NONE',  ( 0.5399094995961213339, 0.8965806903387382176, 0.7297544357761520661 ) ) ;
#2308 = CARTESIAN_POINT ( 'NONE',  ( -1.661341383892501522, 0.9465806903387379290, 1.649999999999999911 ) ) ;
#2309 = EDGE_CURVE ( 'NONE', #1241, #59, #325, .T. ) ;
#2310 = DIRECTION ( 'NONE',  ( 1.000000000000000000, 0.0000000000000000000, -0.0000000000000000000 ) ) ;
#2311 = CARTESIAN_POINT ( 'NONE',  ( 0.2927669040100374653, 0.8965806903387378846, 1.357107104265523834 ) ) ;
#2312 = PLANE ( 'NONE',  #1165 ) ;
#2313 = CARTESIAN_POINT ( 'NONE',  ( 0.07342574961260157906, 0.8465806903387379512, 0.4505252793154810309 ) ) ;
#2314 = CARTESIAN_POINT ( 'NONE',  ( -1.011341383892501833, 0.8465806903387377291, 1.649999999999999911 ) ) ;
#2315 = LINE ( 'NONE', #1312, #810 ) ;
#2316 =( GEOMETRIC_REPRESENTATION_CONTEXT ( 3 ) GLOBAL_UNCERTAINTY_ASSIGNED_CONTEXT ( ( #315 ) ) GLOBAL_UNIT_ASSIGNED_CONTEXT ( ( #1770, #1397, #1294 ) ) REPRESENTATION_CONTEXT ( 'NONE', 'WORKASPACE' ) );
#2317 =( NAMED_UNIT ( * ) SI_UNIT ( $, .STERADIAN. ) SOLID_ANGLE_UNIT ( ) );
#2318 = EDGE_LOOP ( 'NONE', ( #939, #1225, #1426, #2412, #2196, #2203 ) ) ;
#2319 = CARTESIAN_POINT ( 'NONE',  ( 0.6472047949489364571, 0.8465806903387376181, 0.5722839513722062232 ) ) ;
#2320 = DIRECTION ( 'NONE',  ( 0.9828721869343218787, 0.0000000000000000000, -0.1842885350501854147 ) ) ;
#2321 = CARTESIAN_POINT ( 'NONE',  ( -1.011341383892501611, 0.8465806903387377291, 0.05000000000000000278 ) ) ;
#2322 = COLOUR_RGB ( '',0.0000000000000000000, 0.0000000000000000000, 0.0000000000000000000 ) ;
#2323 = VECTOR ( 'NONE', #1645, 1000.000000000000000 ) ;
#2324 = VECTOR ( 'NONE', #655, 1000.000000000000000 ) ;
#2325 = ORIENTED_EDGE ( 'NONE', *, *, #5, .F. ) ;
#2326 = FACE_OUTER_BOUND ( 'NONE', #1797, .T. ) ;
#2327 = EDGE_CURVE ( 'NONE', #2388, #864, #144, .T. ) ;
#2328 = COLOUR_RGB ( '',0.7529411764705882248, 0.7529411764705882248, 0.7529411764705882248 ) ;
#2329 = CARTESIAN_POINT ( 'NONE',  ( 0.4762983709749677996, 0.8965806903387375515, 1.323292390460195866 ) ) ;
#2330 = CARTESIAN_POINT ( 'NONE',  ( 0.8886586161074985224, 0.9465806903387378179, 0.0000000000000000000 ) ) ;
#2331 = CARTESIAN_POINT ( 'NONE',  ( 0.1488145049828982214, 0.8465806903387377291, 1.113228321282204059 ) ) ;
#2332 = B_SPLINE_CURVE_WITH_KNOTS ( 'NONE', 3,
 ( #740, #590, #902, #352, #1678, #926, #1502, #1350, #1693, #1100, #2105, #2263, #403, #1153, #159, #1668, #2424, #1479, #1867 ),
 .UNSPECIFIED., .F., .F.,
 ( 4, 1, 1, 1, 1, 1, 1, 1, 1, 1, 1, 1, 1, 1, 1, 1, 4 ),
 ( 0.0000000000000000000, 0.08319510541156728556, 0.1621226245073326966, 0.2370024975612640972, 0.3087195528983417980, 0.3770730802210883192, 0.4424759990464936510, 0.5056533792963598950, 0.5671087375940823128, 0.6261469739462710571, 0.6818116923810174645, 0.7354199516619605026, 0.7878156742269278867, 0.8392714731787260796, 0.8913438162819309341, 0.9446532046050551967, 0.9999999999999998890 ),
 .UNSPECIFIED. ) ;
#2333 = VERTEX_POINT ( 'NONE', #1269 ) ;
#2334 = ORIENTED_EDGE ( 'NONE', *, *, #90, .F. ) ;
#2335 = DIRECTION ( 'NONE',  ( -0.0000000000000000000, -1.000000000000000000, -0.0000000000000000000 ) ) ;
#2336 = CARTESIAN_POINT ( 'NONE',  ( 0.4436258037187578718, 0.8965806903387375515, 1.249238303235020497 ) ) ;
#2337 = CARTESIAN_POINT ( 'NONE',  ( 0.0000000000000000000, 0.0000000000000000000, 0.05000000000000000278 ) ) ;
#2338 = ORIENTED_EDGE ( 'NONE', *, *, #1461, .F. ) ;
#2339 = CARTESIAN_POINT ( 'NONE',  ( -0.02099213284611739158, 0.8965806903387379956, 0.8163572235640902397 ) ) ;
#2340 = CARTESIAN_POINT ( 'NONE',  ( 0.4612890577837409078, 0.8465806903387376181, 1.229396436300090212 ) ) ;
#2341 = CARTESIAN_POINT ( 'NONE',  ( 0.6114006715304658446, 0.8965806903387378846, 0.4879417978907938380 ) ) ;
#2342 = CARTESIAN_POINT ( 'NONE',  ( 0.0000000000000000000, 0.8965806903387377735, 0.0000000000000000000 ) ) ;
#2343 = ADVANCED_FACE ( 'NONE', ( #1641 ), #517, .T. ) ;
#2344 = ORIENTED_EDGE ( 'NONE', *, *, #1612, .T. ) ;
#2345 = CARTESIAN_POINT ( 'NONE',  ( -0.2904384799882972490, 0.8965806903387377735, 1.332660476450087117 ) ) ;
#2346 = CARTESIAN_POINT ( 'NONE',  ( -0.5981307876806049029, 0.8465806903387377291, 1.268557912347523020 ) ) ;
#2347 = ORIENTED_EDGE ( 'NONE', *, *, #1835, .T. ) ;
#2348 = LINE ( 'NONE', #1060, #691 ) ;
#2349 = CARTESIAN_POINT ( 'NONE',  ( 1.438658616107498345, 0.8465806903387377291, 0.05000000000000000278 ) ) ;
#2350 = DIRECTION ( 'NONE',  ( 1.000000000000000000, 0.0000000000000000000, -0.0000000000000000000 ) ) ;
#2351 = CARTESIAN_POINT ( 'NONE',  ( 0.1225911524070729813, 0.8465806903387381732, 0.9400338174939871783 ) ) ;
#2352 = CARTESIAN_POINT ( 'NONE',  ( 0.5367922526121414739, 0.8465806903387376181, 1.278360570249804873 ) ) ;
#2353 = PLANE ( 'NONE',  #1648 ) ;
#2354 = ORIENTED_EDGE ( 'NONE', *, *, #699, .F. ) ;
#2355 = EDGE_LOOP ( 'NONE', ( #1354, #1579, #2344, #1036, #2118, #1059, #39, #2009, #1493, #1050 ) ) ;
#2356 = FILL_AREA_STYLE_COLOUR ( '', #1088 ) ;
#2357 = SURFACE_STYLE_USAGE ( .BOTH. , #1066 ) ;
#2358 = CARTESIAN_POINT ( 'NONE',  ( -0.008495782796795489297, 0.8465806903387377291, 0.6690393877774629683 ) ) ;
#2359 = ORIENTED_EDGE ( 'NONE', *, *, #904, .F. ) ;
#2360 = CARTESIAN_POINT ( 'NONE',  ( 0.1199677017932577056, 0.8465806903387378402, 0.8516931951085791042 ) ) ;
#2361 = LINE ( 'NONE', #1592, #1414 ) ;
#2362 = PLANE ( 'NONE',  #2393 ) ;
#2363 =( GEOMETRIC_REPRESENTATION_CONTEXT ( 3 ) GLOBAL_UNCERTAINTY_ASSIGNED_CONTEXT ( ( #1723 ) ) GLOBAL_UNIT_ASSIGNED_CONTEXT ( ( #277, #1973, #1791 ) ) REPRESENTATION_CONTEXT ( 'NONE', 'WORKASPACE' ) );
#2364 = LINE ( 'NONE', #134, #1978 ) ;
#2365 = CARTESIAN_POINT ( 'NONE',  ( 0.3554598966352478517, 0.8465806903387373961, 0.3719979744368821506 ) ) ;
#2366 = AXIS2_PLACEMENT_3D ( 'NONE', #1593, #861, #2350 ) ;
#2367 = CARTESIAN_POINT ( 'NONE',  ( 0.2044167166520693690, 0.8965806903387377735, 0.4390161467722299982 ) ) ;
#2368 = ORIENTED_EDGE ( 'NONE', *, *, #2370, .F. ) ;
#2369 = CARTESIAN_POINT ( 'NONE',  ( 0.6308934994035184651, 0.8465806903387376181, 1.138585600016015054 ) ) ;
#2370 = EDGE_CURVE ( 'NONE', #328, #28, #2361, .T. ) ;
#2371 = FILL_AREA_STYLE_COLOUR ( '', #75 ) ;
#2372 = ORIENTED_EDGE ( 'NONE', *, *, #1898, .T. ) ;
#2373 = CARTESIAN_POINT ( 'NONE',  ( 0.1592966228358866088, 0.8465806903387378402, 1.147652579700699782 ) ) ;
#2374 = LINE ( 'NONE', #1440, #117 ) ;
#2375 = FACE_OUTER_BOUND ( 'NONE', #1626, .T. ) ;
#2376 = PRESENTATION_STYLE_ASSIGNMENT (( #2421 ) ) ;
#2377 = ORIENTED_EDGE ( 'NONE', *, *, #40, .F. ) ;
#2378 = DIRECTION ( 'NONE',  ( 0.0000000000000000000, 0.0000000000000000000, -1.000000000000000000 ) ) ;
#2379 = EDGE_LOOP ( 'NONE', ( #565, #1186, #2391, #42 ) ) ;
#2380 = CARTESIAN_POINT ( 'NONE',  ( -0.01590476857470029745, 0.8465806903387378402, 0.9480475299017940838 ) ) ;
#2381 = LINE ( 'NONE', #1403, #809 ) ;
#2382 = EDGE_LOOP ( 'NONE', ( #949, #591, #95, #1249 ) ) ;
#2383 = ADVANCED_FACE ( 'NONE', ( #694 ), #112, .T. ) ;
#2384 = DIRECTION ( 'NONE',  ( -0.0000000000000000000, -1.000000000000000000, -0.0000000000000000000 ) ) ;
#2385 = CARTESIAN_POINT ( 'NONE',  ( 0.07433216816691227968, 0.8465806903387380622, 1.215762733281313457 ) ) ;
#2386 = DIRECTION ( 'NONE',  ( 0.0000000000000000000, 0.0000000000000000000, 1.000000000000000000 ) ) ;
#2387 = PRESENTATION_STYLE_ASSIGNMENT (( #550 ) ) ;
#2388 = VERTEX_POINT ( 'NONE', #1603 ) ;
#2389 = LINE ( 'NONE', #1274, #1161 ) ;
#2390 = LINE ( 'NONE', #320, #2323 ) ;
#2391 = ORIENTED_EDGE ( 'NONE', *, *, #380, .T. ) ;
#2392 = CARTESIAN_POINT ( 'NONE',  ( 0.3313563918065747238, 0.8465806903387378402, 0.3070194508090614560 ) ) ;
#2393 = AXIS2_PLACEMENT_3D ( 'NONE', #1098, #1071, #176 ) ;
#2394 = CARTESIAN_POINT ( 'NONE',  ( 0.1199498590349842020, 0.8465806903387369520, 0.8151626386880528319 ) ) ;
#2395 = UNCERTAINTY_MEASURE_WITH_UNIT (LENGTH_MEASURE( 1.000000000000000082E-05 ), #1073, 'distance_accuracy_value', 'NONE');
#2396 = ORIENTED_EDGE ( 'NONE', *, *, #623, .T. ) ;
#2397 = CARTESIAN_POINT ( 'NONE',  ( 0.3309557507809334775, 0.8965806903387377735, 1.294198937988548792 ) ) ;
#2398 = DIRECTION ( 'NONE',  ( -0.0000000000000000000, -1.000000000000000000, -0.0000000000000000000 ) ) ;
#2399 = CARTESIAN_POINT ( 'NONE',  ( 1.438658616107498345, 0.04658069033873783737, 0.05000000000000000278 ) ) ;
#2400 = SURFACE_SIDE_STYLE ('',( #1442 ) ) ;
#2401 = EDGE_CURVE ( 'NONE', #1546, #2015, #2374, .T. ) ;
#2402 = VECTOR ( 'NONE', #1054, 1000.000000000000000 ) ;
#2403 = ORIENTED_EDGE ( 'NONE', *, *, #1167, .F. ) ;
#2404 = STYLED_ITEM ( 'NONE', ( #597 ), #1400 ) ;
#2405 = ORIENTED_EDGE ( 'NONE', *, *, #1041, .F. ) ;
#2406 = PRESENTATION_LAYER_ASSIGNMENT (  '', '', ( #659 ) ) ;
#2407 = LINE ( 'NONE', #527, #1378 ) ;
#2408 = CARTESIAN_POINT ( 'NONE',  ( 0.3808809220306975107, 0.8965806903387374405, 1.287623527370688414 ) ) ;
#2409 = CARTESIAN_POINT ( 'NONE',  ( 0.3564680952072517561, 0.8465806903387379512, 1.293244929054274239 ) ) ;
#2410 = CARTESIAN_POINT ( 'NONE',  ( 0.0000000000000000000, 0.0000000000000000000, 0.0000000000000000000 ) ) ;
#2411 = CARTESIAN_POINT ( 'NONE',  ( 0.2927669040100374653, 0.8965806903387378846, 1.357107104265523834 ) ) ;
#2412 = ORIENTED_EDGE ( 'NONE', *, *, #699, .T. ) ;
#2413 = ORIENTED_EDGE ( 'NONE', *, *, #2290, .T. ) ;
#2414 = CARTESIAN_POINT ( 'NONE',  ( 0.6713072439638648747, 0.8465806903387375071, 0.9998585474702639253 ) ) ;
#2415 = EDGE_CURVE ( 'NONE', #2079, #781, #1917, .T. ) ;
#2416 = CARTESIAN_POINT ( 'NONE',  ( -1.561341383892501433, 0.04658069033873783737, 1.649999999999999911 ) ) ;
#2417 = EDGE_CURVE ( 'NONE', #2333, #2015, #934, .T. ) ;
#2418 = CARTESIAN_POINT ( 'NONE',  ( -1.561341383892501433, 0.8465806903387377291, 1.600000000000000089 ) ) ;
#2419 = DIRECTION ( 'NONE',  ( 1.000000000000000000, 0.0000000000000000000, -0.0000000000000000000 ) ) ;
#2420 = FILL_AREA_STYLE_COLOUR ( '', #2328 ) ;
#2421 = SURFACE_STYLE_USAGE ( .BOTH. , #1674 ) ;
#2422 =( LENGTH_UNIT ( ) NAMED_UNIT ( * ) SI_UNIT ( .MILLI., .METRE. ) );
#2423 = CARTESIAN_POINT ( 'NONE',  ( 0.4075499910174856244, 0.8465806903387376181, 1.350370309108458899 ) ) ;
#2424 = CARTESIAN_POINT ( 'NONE',  ( 0.2924799150344954413, 0.8965806903387379956, 0.3081617611189313988 ) ) ;
#2425 = LINE ( 'NONE', #379, #1213 ) ;
#2426 = EDGE_CURVE ( 'NONE', #2101, #452, #371, .T. ) ;
#2427 = EDGE_CURVE ( 'NONE', #845, #1826, #1465, .T. ) ;
#2428 = CARTESIAN_POINT ( 'NONE',  ( -0.7647974543472716435, 0.8465806903387377291, 0.3903527841423947153 ) ) ;
#2429 = CARTESIAN_POINT ( 'NONE',  ( 0.4908300824763563996, 0.8965806903387376625, 1.178432316945611458 ) ) ;
#2430 = SURFACE_STYLE_FILL_AREA ( #1673 ) ;
#2431 = DIRECTION ( 'NONE',  ( -1.668003342285392044E-16, 1.000000000000000000, 0.0000000000000000000 ) ) ;
#2432 = FILL_AREA_STYLE ('',( #146 ) ) ;
#2433 = DIRECTION ( 'NONE',  ( 0.0000000000000000000, -0.0000000000000000000, 1.000000000000000000 ) ) ;
#2434 = CARTESIAN_POINT ( 'NONE',  ( -0.008227623860773974548, 0.8465806903387377291, 1.000008058639286324 ) ) ;
#2435 = COLOUR_RGB ( '',0.0000000000000000000, 0.0000000000000000000, 0.0000000000000000000 ) ;
#2436 = CARTESIAN_POINT ( 'NONE',  ( 0.5425040321663984200, 0.8465806903387378402, 0.7803474981218917472 ) ) ;
#2437 = SURFACE_STYLE_USAGE ( .BOTH. , #1679 ) ;
#2438 = PRESENTATION_LAYER_ASSIGNMENT (  '', '', ( #923 ) ) ;
#2439 = ORIENTED_EDGE ( 'NONE', *, *, #524, .F. ) ;
#2440 = CARTESIAN_POINT ( 'NONE',  ( 0.3444760784345000659, 0.8465806903387376181, 0.3074051610325241879 ) ) ;
#2441 =( GEOMETRIC_REPRESENTATION_CONTEXT ( 3 ) GLOBAL_UNCERTAINTY_ASSIGNED_CONTEXT ( ( #1304 ) ) GLOBAL_UNIT_ASSIGNED_CONTEXT ( ( #432, #2301, #1190 ) ) REPRESENTATION_CONTEXT ( 'NONE', 'WORKASPACE' ) );
#2442 = FILL_AREA_STYLE_COLOUR ( '', #309 ) ;
#2443 = EDGE_CURVE ( 'NONE', #1718, #207, #560, .T. ) ;
#2444 = CARTESIAN_POINT ( 'NONE',  ( 0.5427450264590757412, 0.8965806903387377735, 0.8516931777817070559 ) ) ;
#2445 =( LENGTH_UNIT ( ) NAMED_UNIT ( * ) SI_UNIT ( .MILLI., .METRE. ) );
#2446 = CARTESIAN_POINT ( 'NONE',  ( 0.1868155647243797679, 0.8965806903387378846, 1.323290896787889137 ) ) ;
#2447 = CARTESIAN_POINT ( 'NONE',  ( -1.661341383892501522, 0.9465806903387379290, 1.649999999999999911 ) ) ;
#2448 = CARTESIAN_POINT ( 'NONE',  ( 0.5425040321663984200, 0.8965806903387378846, 0.7803474981218917472 ) ) ;
#2449 = CARTESIAN_POINT ( 'NONE',  ( 0.3554598966352478517, 0.8465806903387375071, 0.3719979744368821506 ) ) ;
ENDSEC;
END-ISO-10303-21;
